mode: set
github.com/nebula-drive/nebula/conf/conf.go:87.23,87.41 1 1
github.com/nebula-drive/nebula/conf/conf.go:90.27,90.42 1 1
github.com/nebula-drive/nebula/conf/conf.go:93.23,93.68 1 1
github.com/nebula-drive/nebula/conf/conf.go:94.23,94.68 1 1
github.com/nebula-drive/nebula/conf/conf.go:95.23,95.70 1 1
github.com/nebula-drive/nebula/conf/conf.go:98.25,102.2 3 1
github.com/nebula-drive/nebula/conf/conf.go:104.28,108.2 3 1
github.com/nebula-drive/nebula/conf/conf.go:111.19,112.52 1 1
github.com/nebula-drive/nebula/conf/conf.go:112.52,114.3 1 0
github.com/nebula-drive/nebula/conf/conf.go:115.2,116.16 2 1
github.com/nebula-drive/nebula/conf/conf.go:116.16,118.3 1 0
github.com/nebula-drive/nebula/conf/conf.go:119.2,122.16 3 1
github.com/nebula-drive/nebula/conf/conf.go:122.16,123.25 1 1
github.com/nebula-drive/nebula/conf/conf.go:123.25,126.4 2 1
github.com/nebula-drive/nebula/conf/conf.go:127.3,127.13 1 0
github.com/nebula-drive/nebula/conf/conf.go:129.2,130.16 2 1
github.com/nebula-drive/nebula/conf/conf.go:130.16,133.3 2 0
github.com/nebula-drive/nebula/conf/conf.go:134.2,135.48 2 1
github.com/nebula-drive/nebula/conf/conf.go:135.48,137.3 1 0
github.com/nebula-drive/nebula/conf/conf.go:139.2,139.52 1 1
github.com/nebula-drive/nebula/conf/conf.go:139.52,141.3 1 1
github.com/nebula-drive/nebula/conf/conf.go:142.2,146.12 5 1
github.com/nebula-drive/nebula/conf/conf.go:150.24,154.2 3 1
github.com/nebula-drive/nebula/conf/conf.go:157.28,158.52 1 1
github.com/nebula-drive/nebula/conf/conf.go:158.52,160.3 1 0
github.com/nebula-drive/nebula/conf/conf.go:161.2,161.25 1 1
github.com/nebula-drive/nebula/conf/conf.go:161.25,163.17 2 0
github.com/nebula-drive/nebula/conf/conf.go:163.17,165.4 1 0
github.com/nebula-drive/nebula/conf/conf.go:166.3,166.18 1 0
github.com/nebula-drive/nebula/conf/conf.go:168.2,169.16 2 1
github.com/nebula-drive/nebula/conf/conf.go:169.16,171.3 1 0
github.com/nebula-drive/nebula/conf/conf.go:172.2,172.60 1 1
github.com/nebula-drive/nebula/conf/conf.go:172.60,174.3 1 0
github.com/nebula-drive/nebula/conf/conf.go:176.2,178.49 3 1
github.com/nebula-drive/nebula/conf/conf.go:178.49,180.3 1 0
github.com/nebula-drive/nebula/conf/conf.go:181.2,185.12 5 1
github.com/nebula-drive/nebula/conf/conf.go:188.33,191.2 2 1
github.com/nebula-drive/nebula/conf/conf.go:195.40,197.16 2 1
github.com/nebula-drive/nebula/conf/conf.go:197.16,199.3 1 1
github.com/nebula-drive/nebula/conf/conf.go:200.2,200.25 1 1
github.com/nebula-drive/nebula/conf/conf.go:200.25,202.3 1 0
github.com/nebula-drive/nebula/conf/conf.go:203.2,204.57 2 1
github.com/nebula-drive/nebula/conf/conf.go:204.57,206.3 1 0
github.com/nebula-drive/nebula/conf/conf.go:207.2,207.60 1 1
github.com/nebula-drive/nebula/conf/conf.go:207.60,209.3 1 0
github.com/nebula-drive/nebula/conf/conf.go:210.2,210.17 1 1
github.com/nebula-drive/nebula/conf/conf.go:213.49,215.16 2 1
github.com/nebula-drive/nebula/conf/conf.go:215.16,217.3 1 0
github.com/nebula-drive/nebula/conf/conf.go:218.2,219.16 2 1
github.com/nebula-drive/nebula/conf/conf.go:219.16,221.3 1 0
github.com/nebula-drive/nebula/conf/conf.go:222.2,223.59 2 1
github.com/nebula-drive/nebula/conf/conf.go:223.59,225.3 1 0
github.com/nebula-drive/nebula/conf/conf.go:226.2,226.48 1 1
github.com/nebula-drive/nebula/conf/conf.go:229.46,231.16 2 1
github.com/nebula-drive/nebula/conf/conf.go:231.16,233.3 1 0
github.com/nebula-drive/nebula/conf/conf.go:234.2,235.16 2 1
github.com/nebula-drive/nebula/conf/conf.go:235.16,237.3 1 0
github.com/nebula-drive/nebula/conf/conf.go:238.2,238.31 1 1
github.com/nebula-drive/nebula/conf/conf.go:238.31,240.3 1 0
github.com/nebula-drive/nebula/conf/conf.go:241.2,241.71 1 1
github.com/nebula-drive/nebula/conf/conf.go:245.46,246.25 1 1
github.com/nebula-drive/nebula/conf/conf.go:246.25,248.3 1 0
github.com/nebula-drive/nebula/conf/conf.go:249.2,250.16 2 1
github.com/nebula-drive/nebula/conf/conf.go:250.16,252.3 1 0
github.com/nebula-drive/nebula/conf/conf.go:253.2,253.50 1 1
github.com/nebula-drive/nebula/conf/conf.go:256.46,257.25 1 1
github.com/nebula-drive/nebula/conf/conf.go:257.25,259.3 1 0
github.com/nebula-drive/nebula/conf/conf.go:260.2,261.16 2 1
github.com/nebula-drive/nebula/conf/conf.go:261.16,263.3 1 1
github.com/nebula-drive/nebula/conf/conf.go:264.2,265.16 2 1
github.com/nebula-drive/nebula/conf/conf.go:265.16,267.3 1 0
github.com/nebula-drive/nebula/conf/conf.go:268.2,268.25 1 1
github.com/nebula-drive/nebula/conf/conf.go:273.39,274.40 1 1
github.com/nebula-drive/nebula/conf/conf.go:274.40,275.47 1 1
github.com/nebula-drive/nebula/conf/conf.go:275.47,277.4 1 1
github.com/nebula-drive/nebula/conf/conf.go:278.3,278.45 1 1
github.com/nebula-drive/nebula/conf/conf.go:278.45,280.4 1 0
github.com/nebula-drive/nebula/conf/conf.go:281.3,281.47 1 1
github.com/nebula-drive/nebula/conf/conf.go:281.47,283.4 1 0
github.com/nebula-drive/nebula/conf/conf.go:284.3,284.45 1 1
github.com/nebula-drive/nebula/conf/conf.go:284.45,286.4 1 1
github.com/nebula-drive/nebula/conf/conf.go:287.3,287.47 1 1
github.com/nebula-drive/nebula/conf/conf.go:287.47,289.4 1 0
github.com/nebula-drive/nebula/conf/conf.go:290.3,290.47 1 1
github.com/nebula-drive/nebula/conf/conf.go:290.47,292.4 1 0
github.com/nebula-drive/nebula/conf/conf.go:293.3,293.49 1 1
github.com/nebula-drive/nebula/conf/conf.go:293.49,295.4 1 0
github.com/nebula-drive/nebula/conf/conf.go:296.3,296.51 1 1
github.com/nebula-drive/nebula/conf/conf.go:296.51,298.4 1 0
github.com/nebula-drive/nebula/conf/conf.go:299.3,299.46 1 1
github.com/nebula-drive/nebula/conf/conf.go:299.46,301.4 1 1
github.com/nebula-drive/nebula/conf/conf.go:302.3,302.48 1 1
github.com/nebula-drive/nebula/conf/conf.go:302.48,304.4 1 1
github.com/nebula-drive/nebula/conf/conf.go:308.39,320.2 11 1
github.com/nebula-drive/nebula/controllers/admin.go:18.32,21.14 3 1
github.com/nebula-drive/nebula/controllers/admin.go:21.14,23.3 1 1
github.com/nebula-drive/nebula/controllers/admin.go:24.2,24.28 1 1
github.com/nebula-drive/nebula/controllers/admin.go:24.28,26.3 1 1
github.com/nebula-drive/nebula/controllers/admin.go:27.2,31.87 5 1
github.com/nebula-drive/nebula/controllers/admin.go:44.33,46.47 2 1
github.com/nebula-drive/nebula/controllers/admin.go:46.47,49.3 2 1
github.com/nebula-drive/nebula/controllers/admin.go:50.2,50.22 1 1
github.com/nebula-drive/nebula/controllers/admin.go:50.22,52.3 1 1
github.com/nebula-drive/nebula/controllers/admin.go:53.2,58.50 3 1
github.com/nebula-drive/nebula/controllers/admin.go:58.50,61.3 2 0
github.com/nebula-drive/nebula/controllers/admin.go:63.2,64.52 2 1
github.com/nebula-drive/nebula/controllers/admin.go:76.33,79.47 3 1
github.com/nebula-drive/nebula/controllers/admin.go:79.47,82.3 2 0
github.com/nebula-drive/nebula/controllers/admin.go:83.2,84.23 2 1
github.com/nebula-drive/nebula/controllers/admin.go:84.23,86.3 1 1
github.com/nebula-drive/nebula/controllers/admin.go:87.2,87.24 1 1
github.com/nebula-drive/nebula/controllers/admin.go:87.24,89.3 1 0
github.com/nebula-drive/nebula/controllers/admin.go:90.2,90.24 1 1
github.com/nebula-drive/nebula/controllers/admin.go:90.24,92.3 1 0
github.com/nebula-drive/nebula/controllers/admin.go:93.2,93.24 1 1
github.com/nebula-drive/nebula/controllers/admin.go:93.24,95.3 1 1
github.com/nebula-drive/nebula/controllers/admin.go:96.2,96.24 1 1
github.com/nebula-drive/nebula/controllers/admin.go:96.24,98.3 1 0
github.com/nebula-drive/nebula/controllers/admin.go:99.2,99.23 1 1
github.com/nebula-drive/nebula/controllers/admin.go:99.23,102.3 2 1
github.com/nebula-drive/nebula/controllers/admin.go:103.2,117.41 5 1
github.com/nebula-drive/nebula/controllers/admin.go:121.33,124.38 3 1
github.com/nebula-drive/nebula/controllers/admin.go:124.38,127.3 2 1
github.com/nebula-drive/nebula/controllers/admin.go:128.2,129.41 2 1
github.com/nebula-drive/nebula/controllers/admin.go:135.33,139.2 3 1
github.com/nebula-drive/nebula/controllers/admin.go:150.34,152.47 2 1
github.com/nebula-drive/nebula/controllers/admin.go:152.47,155.3 2 1
github.com/nebula-drive/nebula/controllers/admin.go:156.2,161.52 3 1
github.com/nebula-drive/nebula/controllers/admin.go:165.34,168.47 3 1
github.com/nebula-drive/nebula/controllers/admin.go:168.47,171.3 2 0
github.com/nebula-drive/nebula/controllers/admin.go:172.2,189.41 5 1
github.com/nebula-drive/nebula/controllers/admin.go:195.34,199.2 3 1
github.com/nebula-drive/nebula/controllers/admin.go:202.35,205.53 3 1
github.com/nebula-drive/nebula/controllers/admin.go:205.53,208.3 2 1
github.com/nebula-drive/nebula/controllers/admin.go:209.2,210.41 2 1
github.com/nebula-drive/nebula/controllers/admin_ex.go:29.35,33.2 3 0
github.com/nebula-drive/nebula/controllers/admin_ex.go:36.35,38.47 2 0
github.com/nebula-drive/nebula/controllers/admin_ex.go:38.47,41.3 2 0
github.com/nebula-drive/nebula/controllers/admin_ex.go:42.2,42.19 1 0
github.com/nebula-drive/nebula/controllers/admin_ex.go:42.19,44.3 1 0
github.com/nebula-drive/nebula/controllers/admin_ex.go:45.2,46.50 2 0
github.com/nebula-drive/nebula/controllers/admin_ex.go:46.50,49.3 2 0
github.com/nebula-drive/nebula/controllers/admin_ex.go:50.2,50.52 1 0
github.com/nebula-drive/nebula/controllers/admin_ex.go:54.35,57.47 3 0
github.com/nebula-drive/nebula/controllers/admin_ex.go:57.47,60.3 2 0
github.com/nebula-drive/nebula/controllers/admin_ex.go:61.2,61.19 1 0
github.com/nebula-drive/nebula/controllers/admin_ex.go:61.19,63.3 1 0
github.com/nebula-drive/nebula/controllers/admin_ex.go:64.2,79.41 4 0
github.com/nebula-drive/nebula/controllers/admin_ex.go:83.35,85.13 2 0
github.com/nebula-drive/nebula/controllers/admin_ex.go:85.13,88.3 2 0
github.com/nebula-drive/nebula/controllers/admin_ex.go:89.2,90.41 2 0
github.com/nebula-drive/nebula/controllers/admin_ex.go:96.34,100.29 4 0
github.com/nebula-drive/nebula/controllers/admin_ex.go:100.29,102.3 1 0
github.com/nebula-drive/nebula/controllers/admin_ex.go:103.2,103.52 1 0
github.com/nebula-drive/nebula/controllers/admin_ex.go:107.35,109.48 2 0
github.com/nebula-drive/nebula/controllers/admin_ex.go:109.48,112.3 2 0
github.com/nebula-drive/nebula/controllers/admin_ex.go:113.2,113.25 1 0
github.com/nebula-drive/nebula/controllers/admin_ex.go:113.25,115.72 2 0
github.com/nebula-drive/nebula/controllers/admin_ex.go:115.72,117.4 1 0
github.com/nebula-drive/nebula/controllers/admin_ex.go:117.9,119.4 1 0
github.com/nebula-drive/nebula/controllers/admin_ex.go:122.2,134.41 4 0
github.com/nebula-drive/nebula/controllers/admin_ex.go:142.32,163.16 15 0
github.com/nebula-drive/nebula/controllers/admin_ex.go:163.16,166.3 2 0
github.com/nebula-drive/nebula/controllers/admin_ex.go:168.2,179.4 1 0
github.com/nebula-drive/nebula/controllers/admin_ex.go:183.41,186.88 3 0
github.com/nebula-drive/nebula/controllers/admin_ex.go:186.88,188.3 1 0
github.com/nebula-drive/nebula/controllers/admin_ex.go:189.2,189.20 1 0
github.com/nebula-drive/nebula/controllers/admin_ex.go:189.20,192.3 2 0
github.com/nebula-drive/nebula/controllers/admin_ex.go:193.2,193.39 1 0
github.com/nebula-drive/nebula/controllers/admin_ex.go:193.39,195.3 1 0
github.com/nebula-drive/nebula/controllers/admin_ex.go:196.2,199.16 4 0
github.com/nebula-drive/nebula/controllers/admin_ex.go:199.16,202.3 2 0
github.com/nebula-drive/nebula/controllers/admin_ex.go:203.2,205.16 3 0
github.com/nebula-drive/nebula/controllers/admin_ex.go:205.16,208.3 2 0
github.com/nebula-drive/nebula/controllers/admin_ex.go:209.2,209.64 1 0
github.com/nebula-drive/nebula/controllers/admin_ex.go:213.38,226.26 5 0
github.com/nebula-drive/nebula/controllers/admin_ex.go:226.26,232.3 1 0
github.com/nebula-drive/nebula/controllers/admin_ex.go:233.2,233.55 1 0
github.com/nebula-drive/nebula/controllers/admin_security.go:17.33,19.16 2 1
github.com/nebula-drive/nebula/controllers/admin_security.go:19.16,22.3 2 1
github.com/nebula-drive/nebula/controllers/admin_security.go:23.2,24.16 2 0
github.com/nebula-drive/nebula/controllers/admin_security.go:24.16,27.3 2 0
github.com/nebula-drive/nebula/controllers/admin_security.go:28.2,29.51 2 0
github.com/nebula-drive/nebula/controllers/admin_security.go:29.51,32.3 2 0
github.com/nebula-drive/nebula/controllers/admin_security.go:33.2,33.88 1 0
github.com/nebula-drive/nebula/controllers/admin_security.go:33.88,36.3 2 0
github.com/nebula-drive/nebula/controllers/admin_security.go:37.2,37.86 1 0
github.com/nebula-drive/nebula/controllers/admin_security.go:37.86,40.3 2 0
github.com/nebula-drive/nebula/controllers/admin_security.go:42.2,42.53 1 0
github.com/nebula-drive/nebula/controllers/admin_security.go:42.53,45.3 2 0
github.com/nebula-drive/nebula/controllers/admin_security.go:46.2,46.74 1 0
github.com/nebula-drive/nebula/controllers/admin_security.go:52.33,56.2 3 1
github.com/nebula-drive/nebula/controllers/admin_security.go:65.31,67.47 2 1
github.com/nebula-drive/nebula/controllers/admin_security.go:67.47,70.3 2 1
github.com/nebula-drive/nebula/controllers/admin_security.go:71.2,72.52 2 1
github.com/nebula-drive/nebula/controllers/admin_security.go:72.52,75.3 2 0
github.com/nebula-drive/nebula/controllers/admin_security.go:76.2,76.54 1 1
github.com/nebula-drive/nebula/controllers/admin_security.go:80.34,84.2 3 1
github.com/nebula-drive/nebula/controllers/auth.go:33.28,35.47 2 1
github.com/nebula-drive/nebula/controllers/auth.go:35.47,38.3 2 1
github.com/nebula-drive/nebula/controllers/auth.go:39.2,41.88 2 1
github.com/nebula-drive/nebula/controllers/auth.go:41.88,42.39 1 0
github.com/nebula-drive/nebula/controllers/auth.go:42.39,45.4 2 0
github.com/nebula-drive/nebula/controllers/auth.go:47.2,48.86 2 1
github.com/nebula-drive/nebula/controllers/auth.go:48.86,52.3 3 1
github.com/nebula-drive/nebula/controllers/auth.go:53.2,53.19 1 1
github.com/nebula-drive/nebula/controllers/auth.go:53.19,56.3 2 1
github.com/nebula-drive/nebula/controllers/auth.go:57.2,57.96 1 1
github.com/nebula-drive/nebula/controllers/auth.go:57.96,61.3 3 1
github.com/nebula-drive/nebula/controllers/auth.go:63.2,63.23 1 1
github.com/nebula-drive/nebula/controllers/auth.go:63.23,64.21 1 0
github.com/nebula-drive/nebula/controllers/auth.go:64.21,67.4 2 0
github.com/nebula-drive/nebula/controllers/auth.go:68.3,68.51 1 0
github.com/nebula-drive/nebula/controllers/auth.go:68.51,71.4 2 0
github.com/nebula-drive/nebula/controllers/auth.go:73.2,75.18 3 1
github.com/nebula-drive/nebula/controllers/auth.go:75.18,77.3 1 0
github.com/nebula-drive/nebula/controllers/auth.go:78.2,80.16 3 1
github.com/nebula-drive/nebula/controllers/auth.go:80.16,83.3 2 0
github.com/nebula-drive/nebula/controllers/auth.go:85.2,111.81 7 1
github.com/nebula-drive/nebula/controllers/auth.go:117.29,119.14 2 1
github.com/nebula-drive/nebula/controllers/auth.go:119.14,121.3 1 1
github.com/nebula-drive/nebula/controllers/auth.go:122.2,123.41 2 1
github.com/nebula-drive/nebula/controllers/auth.go:127.25,130.45 3 1
github.com/nebula-drive/nebula/controllers/auth.go:130.45,133.3 2 1
github.com/nebula-drive/nebula/controllers/auth.go:134.2,134.55 1 1
github.com/nebula-drive/nebula/controllers/auth.go:147.36,150.47 3 1
github.com/nebula-drive/nebula/controllers/auth.go:150.47,153.3 2 1
github.com/nebula-drive/nebula/controllers/auth.go:154.2,155.26 2 1
github.com/nebula-drive/nebula/controllers/auth.go:155.26,157.3 1 1
github.com/nebula-drive/nebula/controllers/auth.go:158.2,158.25 1 1
github.com/nebula-drive/nebula/controllers/auth.go:158.25,160.3 1 1
github.com/nebula-drive/nebula/controllers/auth.go:161.2,161.24 1 1
github.com/nebula-drive/nebula/controllers/auth.go:161.24,163.3 1 0
github.com/nebula-drive/nebula/controllers/auth.go:164.2,164.26 1 1
github.com/nebula-drive/nebula/controllers/auth.go:164.26,166.3 1 0
github.com/nebula-drive/nebula/controllers/auth.go:167.2,167.24 1 1
github.com/nebula-drive/nebula/controllers/auth.go:167.24,169.3 1 1
github.com/nebula-drive/nebula/controllers/auth.go:170.2,170.22 1 1
github.com/nebula-drive/nebula/controllers/auth.go:170.22,172.3 1 1
github.com/nebula-drive/nebula/controllers/auth.go:173.2,173.22 1 1
github.com/nebula-drive/nebula/controllers/auth.go:173.22,176.3 2 1
github.com/nebula-drive/nebula/controllers/auth.go:177.2,177.52 1 1
github.com/nebula-drive/nebula/controllers/auth.go:187.31,190.47 3 0
github.com/nebula-drive/nebula/controllers/auth.go:190.47,193.3 2 0
github.com/nebula-drive/nebula/controllers/auth.go:194.2,194.16 1 0
github.com/nebula-drive/nebula/controllers/auth.go:194.16,195.24 1 0
github.com/nebula-drive/nebula/controllers/auth.go:195.24,198.4 2 0
github.com/nebula-drive/nebula/controllers/auth.go:199.3,200.17 2 0
github.com/nebula-drive/nebula/controllers/auth.go:200.17,203.4 2 0
github.com/nebula-drive/nebula/controllers/auth.go:204.3,205.9 2 0
github.com/nebula-drive/nebula/controllers/auth.go:208.2,208.50 1 0
github.com/nebula-drive/nebula/controllers/auth.go:208.50,211.3 2 0
github.com/nebula-drive/nebula/controllers/auth.go:212.2,213.41 2 0
github.com/nebula-drive/nebula/controllers/auth.go:217.33,220.47 3 0
github.com/nebula-drive/nebula/controllers/auth.go:220.47,223.3 2 0
github.com/nebula-drive/nebula/controllers/auth.go:224.2,224.69 1 0
github.com/nebula-drive/nebula/controllers/auth.go:224.69,227.3 2 0
github.com/nebula-drive/nebula/controllers/auth.go:228.2,229.41 2 0
github.com/nebula-drive/nebula/controllers/auth.go:238.37,241.47 3 1
github.com/nebula-drive/nebula/controllers/auth.go:241.47,244.3 2 1
github.com/nebula-drive/nebula/controllers/auth.go:245.2,245.91 1 1
github.com/nebula-drive/nebula/controllers/auth.go:245.91,248.3 2 1
github.com/nebula-drive/nebula/controllers/auth.go:249.2,249.50 1 1
github.com/nebula-drive/nebula/controllers/auth.go:249.50,252.3 2 1
github.com/nebula-drive/nebula/controllers/auth.go:253.2,255.41 3 1
github.com/nebula-drive/nebula/controllers/auth.go:261.41,263.23 2 1
github.com/nebula-drive/nebula/controllers/auth.go:263.23,265.3 1 1
github.com/nebula-drive/nebula/controllers/auth.go:266.2,266.120 1 1
github.com/nebula-drive/nebula/controllers/auth.go:266.120,268.3 1 1
github.com/nebula-drive/nebula/controllers/auth.go:269.2,269.104 1 1
github.com/nebula-drive/nebula/controllers/auth.go:269.104,271.3 1 1
github.com/nebula-drive/nebula/controllers/auth.go:272.2,272.88 1 1
github.com/nebula-drive/nebula/controllers/auth.go:272.88,274.3 1 0
github.com/nebula-drive/nebula/controllers/auth.go:275.2,275.12 1 1
github.com/nebula-drive/nebula/controllers/auth.go:279.36,281.2 1 1
github.com/nebula-drive/nebula/controllers/auth.go:286.39,288.18 2 1
github.com/nebula-drive/nebula/controllers/auth.go:288.18,290.3 1 1
github.com/nebula-drive/nebula/controllers/auth.go:291.2,291.17 1 1
github.com/nebula-drive/nebula/controllers/auth.go:291.17,293.3 1 1
github.com/nebula-drive/nebula/controllers/auth.go:294.2,298.16 2 0
github.com/nebula-drive/nebula/controllers/auth.go:298.16,300.3 1 0
github.com/nebula-drive/nebula/controllers/auth.go:301.2,305.62 3 0
github.com/nebula-drive/nebula/controllers/auth.go:305.62,307.3 1 0
github.com/nebula-drive/nebula/controllers/auth.go:308.2,308.18 1 0
github.com/nebula-drive/nebula/controllers/auth.go:320.31,321.55 1 1
github.com/nebula-drive/nebula/controllers/auth.go:321.55,324.3 2 1
github.com/nebula-drive/nebula/controllers/auth.go:325.2,326.47 2 1
github.com/nebula-drive/nebula/controllers/auth.go:326.47,329.3 2 1
github.com/nebula-drive/nebula/controllers/auth.go:330.2,330.55 1 1
github.com/nebula-drive/nebula/controllers/auth.go:330.55,333.3 2 1
github.com/nebula-drive/nebula/controllers/auth.go:334.2,335.90 2 1
github.com/nebula-drive/nebula/controllers/auth.go:335.90,338.3 2 1
github.com/nebula-drive/nebula/controllers/auth.go:339.2,344.50 3 1
github.com/nebula-drive/nebula/controllers/auth.go:344.50,347.3 2 0
github.com/nebula-drive/nebula/controllers/auth.go:348.2,348.52 1 1
github.com/nebula-drive/nebula/controllers/collab.go:24.33,28.53 4 0
github.com/nebula-drive/nebula/controllers/collab.go:28.53,31.3 2 0
github.com/nebula-drive/nebula/controllers/collab.go:32.2,32.35 1 0
github.com/nebula-drive/nebula/controllers/collab.go:32.35,35.3 2 0
github.com/nebula-drive/nebula/controllers/collab.go:36.2,45.53 3 0
github.com/nebula-drive/nebula/controllers/collab.go:45.53,48.3 2 0
github.com/nebula-drive/nebula/controllers/collab.go:50.2,50.20 1 0
github.com/nebula-drive/nebula/controllers/collab.go:50.20,56.3 2 0
github.com/nebula-drive/nebula/controllers/collab.go:57.2,57.73 1 0
github.com/nebula-drive/nebula/controllers/collab.go:60.38,61.38 1 0
github.com/nebula-drive/nebula/controllers/collab.go:62.31,63.14 1 0
github.com/nebula-drive/nebula/controllers/collab.go:65.2,65.20 1 0
github.com/nebula-drive/nebula/controllers/collab.go:66.37,67.14 1 0
github.com/nebula-drive/nebula/controllers/collab.go:69.2,69.14 1 0
github.com/nebula-drive/nebula/controllers/collab.go:72.38,74.2 1 0
github.com/nebula-drive/nebula/controllers/collab.go:81.33,85.53 4 0
github.com/nebula-drive/nebula/controllers/collab.go:85.53,88.3 2 0
github.com/nebula-drive/nebula/controllers/collab.go:89.2,89.24 1 0
github.com/nebula-drive/nebula/controllers/collab.go:89.24,92.3 2 0
github.com/nebula-drive/nebula/controllers/collab.go:93.2,94.47 2 0
github.com/nebula-drive/nebula/controllers/collab.go:94.47,97.3 2 0
github.com/nebula-drive/nebula/controllers/collab.go:99.2,113.16 7 0
github.com/nebula-drive/nebula/controllers/collab.go:113.16,116.3 2 0
github.com/nebula-drive/nebula/controllers/collab.go:119.2,125.51 4 0
github.com/nebula-drive/nebula/controllers/collab.go:125.51,128.3 2 0
github.com/nebula-drive/nebula/controllers/collab.go:130.2,131.94 2 0
github.com/nebula-drive/nebula/controllers/collab.go:131.94,134.3 2 0
github.com/nebula-drive/nebula/controllers/collab.go:135.2,144.52 7 0
github.com/nebula-drive/nebula/controllers/collab.go:161.43,163.4 1 0
github.com/nebula-drive/nebula/controllers/collab.go:167.63,171.2 3 0
github.com/nebula-drive/nebula/controllers/collab.go:173.66,177.26 4 0
github.com/nebula-drive/nebula/controllers/collab.go:177.26,178.16 1 0
github.com/nebula-drive/nebula/controllers/collab.go:178.16,180.9 2 0
github.com/nebula-drive/nebula/controllers/collab.go:183.2,183.30 1 0
github.com/nebula-drive/nebula/controllers/collab.go:183.30,185.3 1 0
github.com/nebula-drive/nebula/controllers/collab.go:189.96,193.26 4 0
github.com/nebula-drive/nebula/controllers/collab.go:193.26,194.18 1 0
github.com/nebula-drive/nebula/controllers/collab.go:194.18,195.12 1 0
github.com/nebula-drive/nebula/controllers/collab.go:197.3,197.54 1 0
github.com/nebula-drive/nebula/controllers/collab.go:197.54,200.4 2 0
github.com/nebula-drive/nebula/controllers/collab.go:205.31,207.17 2 0
github.com/nebula-drive/nebula/controllers/collab.go:207.17,210.3 2 0
github.com/nebula-drive/nebula/controllers/collab.go:211.2,212.16 2 0
github.com/nebula-drive/nebula/controllers/collab.go:212.16,214.3 1 0
github.com/nebula-drive/nebula/controllers/collab.go:215.2,216.15 2 0
github.com/nebula-drive/nebula/controllers/collab.go:216.15,219.3 2 0
github.com/nebula-drive/nebula/controllers/collab.go:220.2,220.6 1 0
github.com/nebula-drive/nebula/controllers/collab.go:220.6,222.17 2 0
github.com/nebula-drive/nebula/controllers/collab.go:222.17,223.9 1 0
github.com/nebula-drive/nebula/controllers/collab.go:225.3,225.67 1 0
github.com/nebula-drive/nebula/controllers/collab.go:225.67,227.4 1 0
github.com/nebula-drive/nebula/controllers/file.go:30.65,32.61 2 1
github.com/nebula-drive/nebula/controllers/file.go:32.61,34.3 1 0
github.com/nebula-drive/nebula/controllers/file.go:35.2,35.41 1 1
github.com/nebula-drive/nebula/controllers/file.go:39.79,41.54 2 1
github.com/nebula-drive/nebula/controllers/file.go:41.54,43.3 1 0
github.com/nebula-drive/nebula/controllers/file.go:44.2,45.19 2 1
github.com/nebula-drive/nebula/controllers/file.go:49.54,52.2 2 1
github.com/nebula-drive/nebula/controllers/file.go:55.27,62.11 6 1
github.com/nebula-drive/nebula/controllers/file.go:62.11,64.3 1 0
github.com/nebula-drive/nebula/controllers/file.go:64.8,64.22 1 1
github.com/nebula-drive/nebula/controllers/file.go:64.22,68.3 1 0
github.com/nebula-drive/nebula/controllers/file.go:68.8,70.40 2 1
github.com/nebula-drive/nebula/controllers/file.go:70.40,74.4 3 0
github.com/nebula-drive/nebula/controllers/file.go:75.3,75.60 1 1
github.com/nebula-drive/nebula/controllers/file.go:77.2,79.56 3 1
github.com/nebula-drive/nebula/controllers/file.go:88.28,91.47 3 1
github.com/nebula-drive/nebula/controllers/file.go:91.47,94.3 2 1
github.com/nebula-drive/nebula/controllers/file.go:95.2,96.50 2 1
github.com/nebula-drive/nebula/controllers/file.go:96.50,99.3 2 0
github.com/nebula-drive/nebula/controllers/file.go:100.2,100.52 1 1
github.com/nebula-drive/nebula/controllers/file.go:111.28,114.47 3 1
github.com/nebula-drive/nebula/controllers/file.go:114.47,117.3 2 0
github.com/nebula-drive/nebula/controllers/file.go:118.2,120.44 3 1
github.com/nebula-drive/nebula/controllers/file.go:120.44,123.3 2 1
github.com/nebula-drive/nebula/controllers/file.go:124.2,124.16 1 0
github.com/nebula-drive/nebula/controllers/file.go:124.16,127.3 2 0
github.com/nebula-drive/nebula/controllers/file.go:128.2,135.67 4 0
github.com/nebula-drive/nebula/controllers/file.go:139.29,142.16 3 1
github.com/nebula-drive/nebula/controllers/file.go:142.16,145.3 2 1
github.com/nebula-drive/nebula/controllers/file.go:146.2,149.41 4 1
github.com/nebula-drive/nebula/controllers/file.go:149.41,153.3 3 0
github.com/nebula-drive/nebula/controllers/file.go:156.2,157.30 2 1
github.com/nebula-drive/nebula/controllers/file.go:157.30,160.3 2 1
github.com/nebula-drive/nebula/controllers/file.go:163.2,163.16 1 1
github.com/nebula-drive/nebula/controllers/file.go:163.16,165.119 2 0
github.com/nebula-drive/nebula/controllers/file.go:165.119,175.4 5 0
github.com/nebula-drive/nebula/controllers/file.go:179.2,180.16 2 1
github.com/nebula-drive/nebula/controllers/file.go:180.16,183.3 2 0
github.com/nebula-drive/nebula/controllers/file.go:185.2,185.74 1 1
github.com/nebula-drive/nebula/controllers/file.go:185.74,186.43 1 0
github.com/nebula-drive/nebula/controllers/file.go:186.43,190.79 4 0
github.com/nebula-drive/nebula/controllers/file.go:190.79,193.5 2 0
github.com/nebula-drive/nebula/controllers/file.go:197.2,198.16 2 1
github.com/nebula-drive/nebula/controllers/file.go:198.16,201.3 2 0
github.com/nebula-drive/nebula/controllers/file.go:202.2,204.56 3 1
github.com/nebula-drive/nebula/controllers/file.go:204.56,209.3 4 0
github.com/nebula-drive/nebula/controllers/file.go:210.2,213.16 4 1
github.com/nebula-drive/nebula/controllers/file.go:213.16,215.3 1 1
github.com/nebula-drive/nebula/controllers/file.go:218.2,219.16 2 1
github.com/nebula-drive/nebula/controllers/file.go:219.16,222.3 2 0
github.com/nebula-drive/nebula/controllers/file.go:223.2,225.58 3 1
github.com/nebula-drive/nebula/controllers/file.go:225.58,228.3 2 0
github.com/nebula-drive/nebula/controllers/file.go:230.2,260.52 8 1
github.com/nebula-drive/nebula/controllers/file.go:264.31,267.53 3 1
github.com/nebula-drive/nebula/controllers/file.go:267.53,270.3 2 0
github.com/nebula-drive/nebula/controllers/file.go:271.2,271.35 1 1
github.com/nebula-drive/nebula/controllers/file.go:271.35,274.3 2 0
github.com/nebula-drive/nebula/controllers/file.go:275.2,285.68 3 1
github.com/nebula-drive/nebula/controllers/file.go:285.68,286.26 1 0
github.com/nebula-drive/nebula/controllers/file.go:286.26,287.46 1 0
github.com/nebula-drive/nebula/controllers/file.go:287.46,290.5 2 0
github.com/nebula-drive/nebula/controllers/file.go:293.2,296.16 3 1
github.com/nebula-drive/nebula/controllers/file.go:296.16,299.3 2 0
github.com/nebula-drive/nebula/controllers/file.go:301.2,314.61 4 1
github.com/nebula-drive/nebula/controllers/file.go:314.61,316.3 1 1
github.com/nebula-drive/nebula/controllers/file.go:317.2,317.70 1 1
github.com/nebula-drive/nebula/controllers/file.go:317.70,318.87 1 0
github.com/nebula-drive/nebula/controllers/file.go:318.87,321.4 2 0
github.com/nebula-drive/nebula/controllers/file.go:325.2,325.60 1 1
github.com/nebula-drive/nebula/controllers/file.go:325.60,326.64 1 1
github.com/nebula-drive/nebula/controllers/file.go:326.64,328.19 2 1
github.com/nebula-drive/nebula/controllers/file.go:328.19,331.5 2 0
github.com/nebula-drive/nebula/controllers/file.go:332.4,334.24 3 1
github.com/nebula-drive/nebula/controllers/file.go:334.24,336.5 1 1
github.com/nebula-drive/nebula/controllers/file.go:337.4,344.10 8 1
github.com/nebula-drive/nebula/controllers/file.go:349.2,350.16 2 1
github.com/nebula-drive/nebula/controllers/file.go:350.16,353.3 2 0
github.com/nebula-drive/nebula/controllers/file.go:354.2,357.22 3 1
github.com/nebula-drive/nebula/controllers/file.go:357.22,359.3 1 1
github.com/nebula-drive/nebula/controllers/file.go:360.2,364.22 5 1
github.com/nebula-drive/nebula/controllers/file.go:368.61,369.37 1 1
github.com/nebula-drive/nebula/controllers/file.go:369.37,371.3 1 1
github.com/nebula-drive/nebula/controllers/file.go:372.2,373.47 2 1
github.com/nebula-drive/nebula/controllers/file.go:373.47,375.3 1 1
github.com/nebula-drive/nebula/controllers/file.go:376.2,377.21 2 1
github.com/nebula-drive/nebula/controllers/file.go:377.21,379.3 1 1
github.com/nebula-drive/nebula/controllers/file.go:380.2,382.20 3 1
github.com/nebula-drive/nebula/controllers/file.go:382.20,385.27 2 1
github.com/nebula-drive/nebula/controllers/file.go:385.27,387.4 1 1
github.com/nebula-drive/nebula/controllers/file.go:388.3,388.16 1 1
github.com/nebula-drive/nebula/controllers/file.go:388.16,390.4 1 1
github.com/nebula-drive/nebula/controllers/file.go:391.3,392.18 2 1
github.com/nebula-drive/nebula/controllers/file.go:393.8,395.17 2 1
github.com/nebula-drive/nebula/controllers/file.go:395.17,397.4 1 0
github.com/nebula-drive/nebula/controllers/file.go:398.3,399.19 2 1
github.com/nebula-drive/nebula/controllers/file.go:399.19,401.4 1 1
github.com/nebula-drive/nebula/controllers/file.go:401.9,403.18 2 1
github.com/nebula-drive/nebula/controllers/file.go:403.18,405.5 1 0
github.com/nebula-drive/nebula/controllers/file.go:406.4,406.11 1 1
github.com/nebula-drive/nebula/controllers/file.go:409.2,409.48 1 1
github.com/nebula-drive/nebula/controllers/file.go:409.48,411.3 1 1
github.com/nebula-drive/nebula/controllers/file.go:412.2,412.18 1 1
github.com/nebula-drive/nebula/controllers/file.go:412.18,414.3 1 0
github.com/nebula-drive/nebula/controllers/file.go:415.2,415.37 1 1
github.com/nebula-drive/nebula/controllers/file.go:423.29,426.53 3 1
github.com/nebula-drive/nebula/controllers/file.go:426.53,429.3 2 1
github.com/nebula-drive/nebula/controllers/file.go:430.2,430.24 1 1
github.com/nebula-drive/nebula/controllers/file.go:430.24,433.3 2 0
github.com/nebula-drive/nebula/controllers/file.go:434.2,435.47 2 1
github.com/nebula-drive/nebula/controllers/file.go:435.47,438.3 2 0
github.com/nebula-drive/nebula/controllers/file.go:439.2,440.41 2 1
github.com/nebula-drive/nebula/controllers/file.go:448.27,451.53 3 1
github.com/nebula-drive/nebula/controllers/file.go:451.53,454.3 2 0
github.com/nebula-drive/nebula/controllers/file.go:455.2,455.24 1 1
github.com/nebula-drive/nebula/controllers/file.go:455.24,458.3 2 0
github.com/nebula-drive/nebula/controllers/file.go:459.2,460.47 2 1
github.com/nebula-drive/nebula/controllers/file.go:460.47,463.3 2 0
github.com/nebula-drive/nebula/controllers/file.go:464.2,465.41 2 1
github.com/nebula-drive/nebula/controllers/file.go:469.29,472.53 3 1
github.com/nebula-drive/nebula/controllers/file.go:472.53,475.3 2 1
github.com/nebula-drive/nebula/controllers/file.go:476.2,476.24 1 1
github.com/nebula-drive/nebula/controllers/file.go:476.24,479.3 2 0
github.com/nebula-drive/nebula/controllers/file.go:480.2,481.41 2 1
github.com/nebula-drive/nebula/controllers/file.go:485.30,489.64 4 1
github.com/nebula-drive/nebula/controllers/file.go:489.64,492.3 2 0
github.com/nebula-drive/nebula/controllers/file.go:493.2,493.37 1 1
github.com/nebula-drive/nebula/controllers/file.go:493.37,496.3 2 0
github.com/nebula-drive/nebula/controllers/file.go:497.2,504.62 4 1
github.com/nebula-drive/nebula/controllers/file.go:504.62,507.3 2 0
github.com/nebula-drive/nebula/controllers/file.go:508.2,513.41 3 1
github.com/nebula-drive/nebula/controllers/file.go:517.28,521.64 4 1
github.com/nebula-drive/nebula/controllers/file.go:521.64,524.3 2 0
github.com/nebula-drive/nebula/controllers/file.go:525.2,525.37 1 1
github.com/nebula-drive/nebula/controllers/file.go:525.37,528.3 2 0
github.com/nebula-drive/nebula/controllers/file.go:529.2,529.14 1 1
github.com/nebula-drive/nebula/controllers/file.go:529.14,530.47 1 1
github.com/nebula-drive/nebula/controllers/file.go:530.47,532.4 1 1
github.com/nebula-drive/nebula/controllers/file.go:534.2,536.41 3 1
github.com/nebula-drive/nebula/controllers/file.go:540.43,543.2 1 1
github.com/nebula-drive/nebula/controllers/file.go:546.33,550.15 4 1
github.com/nebula-drive/nebula/controllers/file.go:550.15,552.55 2 1
github.com/nebula-drive/nebula/controllers/file.go:552.55,553.9 1 0
github.com/nebula-drive/nebula/controllers/file.go:555.3,556.24 2 1
github.com/nebula-drive/nebula/controllers/file.go:556.24,557.9 1 1
github.com/nebula-drive/nebula/controllers/file.go:559.3,559.20 1 1
github.com/nebula-drive/nebula/controllers/file.go:561.2,561.57 1 1
github.com/nebula-drive/nebula/controllers/file.go:585.25,587.2 1 0
github.com/nebula-drive/nebula/controllers/file.go:597.32,600.47 3 0
github.com/nebula-drive/nebula/controllers/file.go:600.47,603.3 2 0
github.com/nebula-drive/nebula/controllers/file.go:604.2,606.16 3 0
github.com/nebula-drive/nebula/controllers/file.go:606.16,621.3 5 0
github.com/nebula-drive/nebula/controllers/file.go:622.2,624.19 3 0
github.com/nebula-drive/nebula/controllers/file.go:624.19,626.3 1 0
github.com/nebula-drive/nebula/controllers/file.go:627.2,646.5 6 0
github.com/nebula-drive/nebula/controllers/file.go:650.34,654.36 4 0
github.com/nebula-drive/nebula/controllers/file.go:654.36,657.3 2 0
github.com/nebula-drive/nebula/controllers/file.go:658.2,659.16 2 0
github.com/nebula-drive/nebula/controllers/file.go:659.16,662.3 2 0
github.com/nebula-drive/nebula/controllers/file.go:663.2,666.9 4 0
github.com/nebula-drive/nebula/controllers/file.go:666.9,669.3 2 0
github.com/nebula-drive/nebula/controllers/file.go:670.2,670.26 1 0
github.com/nebula-drive/nebula/controllers/file.go:670.26,673.3 2 0
github.com/nebula-drive/nebula/controllers/file.go:674.2,675.16 2 0
github.com/nebula-drive/nebula/controllers/file.go:675.16,678.3 2 0
github.com/nebula-drive/nebula/controllers/file.go:679.2,680.16 2 0
github.com/nebula-drive/nebula/controllers/file.go:680.16,683.3 2 0
github.com/nebula-drive/nebula/controllers/file.go:684.2,687.16 4 0
github.com/nebula-drive/nebula/controllers/file.go:687.16,690.3 2 0
github.com/nebula-drive/nebula/controllers/file.go:691.2,692.45 2 0
github.com/nebula-drive/nebula/controllers/file.go:692.45,695.3 2 0
github.com/nebula-drive/nebula/controllers/file.go:696.2,699.112 4 0
github.com/nebula-drive/nebula/controllers/file.go:707.33,710.47 3 0
github.com/nebula-drive/nebula/controllers/file.go:710.47,713.3 2 0
github.com/nebula-drive/nebula/controllers/file.go:714.2,717.9 4 0
github.com/nebula-drive/nebula/controllers/file.go:717.9,720.3 2 0
github.com/nebula-drive/nebula/controllers/file.go:721.2,721.26 1 0
github.com/nebula-drive/nebula/controllers/file.go:721.26,724.3 2 0
github.com/nebula-drive/nebula/controllers/file.go:725.2,725.41 1 0
github.com/nebula-drive/nebula/controllers/file.go:725.41,728.3 2 0
github.com/nebula-drive/nebula/controllers/file.go:729.2,730.16 2 0
github.com/nebula-drive/nebula/controllers/file.go:730.16,733.3 2 0
github.com/nebula-drive/nebula/controllers/file.go:734.2,738.12 5 0
github.com/nebula-drive/nebula/controllers/file.go:738.12,740.40 2 0
github.com/nebula-drive/nebula/controllers/file.go:740.40,742.11 2 0
github.com/nebula-drive/nebula/controllers/file.go:742.11,743.13 1 0
github.com/nebula-drive/nebula/controllers/file.go:745.4,746.18 2 0
github.com/nebula-drive/nebula/controllers/file.go:746.18,747.13 1 0
github.com/nebula-drive/nebula/controllers/file.go:749.4,750.8 2 0
github.com/nebula-drive/nebula/controllers/file.go:750.8,752.14 2 0
github.com/nebula-drive/nebula/controllers/file.go:752.14,754.6 1 0
github.com/nebula-drive/nebula/controllers/file.go:755.5,755.20 1 0
github.com/nebula-drive/nebula/controllers/file.go:755.20,756.11 1 0
github.com/nebula-drive/nebula/controllers/file.go:759.4,759.14 1 0
github.com/nebula-drive/nebula/controllers/file.go:762.2,763.58 2 0
github.com/nebula-drive/nebula/controllers/file.go:763.58,766.3 2 0
github.com/nebula-drive/nebula/controllers/file.go:767.2,769.21 3 0
github.com/nebula-drive/nebula/controllers/file.go:769.21,771.3 1 0
github.com/nebula-drive/nebula/controllers/file.go:772.2,782.33 7 0
github.com/nebula-drive/nebula/controllers/file.go:782.33,784.3 1 0
github.com/nebula-drive/nebula/controllers/file.go:785.2,788.52 4 0
github.com/nebula-drive/nebula/controllers/file.go:796.36,797.21 1 1
github.com/nebula-drive/nebula/controllers/file.go:797.21,799.3 1 1
github.com/nebula-drive/nebula/controllers/file.go:800.2,801.73 2 1
github.com/nebula-drive/nebula/controllers/file.go:801.73,803.3 1 1
github.com/nebula-drive/nebula/controllers/file.go:804.2,804.16 1 1
github.com/nebula-drive/nebula/controllers/file.go:807.45,809.13 2 1
github.com/nebula-drive/nebula/controllers/file.go:809.13,811.3 1 1
github.com/nebula-drive/nebula/controllers/file.go:812.2,813.16 2 1
github.com/nebula-drive/nebula/controllers/file.go:813.16,815.3 1 0
github.com/nebula-drive/nebula/controllers/file.go:816.2,816.10 1 1
github.com/nebula-drive/nebula/controllers/file.go:819.48,820.61 1 1
github.com/nebula-drive/nebula/controllers/file.go:821.10,822.13 1 1
github.com/nebula-drive/nebula/controllers/file.go:823.32,824.14 1 1
github.com/nebula-drive/nebula/controllers/file.go:825.10,826.15 1 0
github.com/nebula-drive/nebula/controllers/file.go:831.40,833.2 1 1
github.com/nebula-drive/nebula/controllers/file.go:836.42,837.15 1 1
github.com/nebula-drive/nebula/controllers/file.go:837.15,839.3 1 1
github.com/nebula-drive/nebula/controllers/file.go:840.2,841.38 2 1
github.com/nebula-drive/nebula/controllers/file.go:841.38,843.3 1 1
github.com/nebula-drive/nebula/controllers/file.go:844.2,844.48 1 1
github.com/nebula-drive/nebula/controllers/file.go:844.48,845.51 1 1
github.com/nebula-drive/nebula/controllers/file.go:845.51,847.4 1 1
github.com/nebula-drive/nebula/controllers/file.go:849.2,849.14 1 1
github.com/nebula-drive/nebula/controllers/file.go:853.34,854.30 1 1
github.com/nebula-drive/nebula/controllers/file.go:855.43,856.14 1 1
github.com/nebula-drive/nebula/controllers/file.go:858.2,858.14 1 1
github.com/nebula-drive/nebula/controllers/file.go:862.75,864.61 2 0
github.com/nebula-drive/nebula/controllers/file.go:864.61,866.3 1 0
github.com/nebula-drive/nebula/controllers/file.go:867.2,867.41 1 0
github.com/nebula-drive/nebula/controllers/file.go:873.36,877.53 4 0
github.com/nebula-drive/nebula/controllers/file.go:877.53,880.3 2 0
github.com/nebula-drive/nebula/controllers/file.go:881.2,881.35 1 0
github.com/nebula-drive/nebula/controllers/file.go:881.35,884.3 2 0
github.com/nebula-drive/nebula/controllers/file.go:885.2,886.16 2 0
github.com/nebula-drive/nebula/controllers/file.go:886.16,889.3 2 0
github.com/nebula-drive/nebula/controllers/file.go:892.2,894.52 3 0
github.com/nebula-drive/nebula/controllers/file.go:894.52,895.78 1 0
github.com/nebula-drive/nebula/controllers/file.go:895.78,896.59 1 0
github.com/nebula-drive/nebula/controllers/file.go:896.59,899.5 2 0
github.com/nebula-drive/nebula/controllers/file.go:902.2,902.14 1 0
github.com/nebula-drive/nebula/controllers/file.go:902.14,904.15 2 0
github.com/nebula-drive/nebula/controllers/file.go:904.15,907.4 2 0
github.com/nebula-drive/nebula/controllers/file.go:908.3,908.9 1 0
github.com/nebula-drive/nebula/controllers/file.go:911.2,912.16 2 0
github.com/nebula-drive/nebula/controllers/file.go:912.16,915.3 2 0
github.com/nebula-drive/nebula/controllers/file.go:916.2,919.58 4 0
github.com/nebula-drive/nebula/controllers/file.go:919.58,923.3 3 0
github.com/nebula-drive/nebula/controllers/file.go:924.2,934.51 6 0
github.com/nebula-drive/nebula/controllers/file.go:934.51,937.3 2 0
github.com/nebula-drive/nebula/controllers/file.go:939.2,951.21 9 0
github.com/nebula-drive/nebula/controllers/file.go:951.21,954.34 3 0
github.com/nebula-drive/nebula/controllers/file.go:954.34,955.51 1 0
github.com/nebula-drive/nebula/controllers/file.go:955.51,957.49 2 0
github.com/nebula-drive/nebula/controllers/file.go:957.49,959.6 1 0
github.com/nebula-drive/nebula/controllers/file.go:960.5,960.24 1 0
github.com/nebula-drive/nebula/controllers/file.go:965.2,972.52 2 0
github.com/nebula-drive/nebula/controllers/file.go:976.35,979.53 3 0
github.com/nebula-drive/nebula/controllers/file.go:979.53,982.3 2 0
github.com/nebula-drive/nebula/controllers/file.go:983.2,983.24 1 0
github.com/nebula-drive/nebula/controllers/file.go:983.24,986.3 2 0
github.com/nebula-drive/nebula/controllers/file.go:987.2,989.59 3 0
github.com/nebula-drive/nebula/controllers/file.go:993.38,997.53 4 0
github.com/nebula-drive/nebula/controllers/file.go:997.53,1000.3 2 0
github.com/nebula-drive/nebula/controllers/file.go:1001.2,1001.35 1 0
github.com/nebula-drive/nebula/controllers/file.go:1001.35,1004.3 2 0
github.com/nebula-drive/nebula/controllers/file.go:1005.2,1006.92 2 0
github.com/nebula-drive/nebula/controllers/file.go:1006.92,1009.3 2 0
github.com/nebula-drive/nebula/controllers/file.go:1010.2,1011.16 2 0
github.com/nebula-drive/nebula/controllers/file.go:1011.16,1014.3 2 0
github.com/nebula-drive/nebula/controllers/file.go:1015.2,1016.16 2 0
github.com/nebula-drive/nebula/controllers/file.go:1016.16,1019.3 2 0
github.com/nebula-drive/nebula/controllers/file.go:1020.2,1022.22 3 0
github.com/nebula-drive/nebula/controllers/file.go:1022.22,1024.3 1 0
github.com/nebula-drive/nebula/controllers/file.go:1025.2,1027.23 3 0
github.com/nebula-drive/nebula/controllers/file.go:1031.37,1035.53 4 0
github.com/nebula-drive/nebula/controllers/file.go:1035.53,1038.3 2 0
github.com/nebula-drive/nebula/controllers/file.go:1039.2,1039.24 1 0
github.com/nebula-drive/nebula/controllers/file.go:1039.24,1042.3 2 0
github.com/nebula-drive/nebula/controllers/file.go:1043.2,1044.92 2 0
github.com/nebula-drive/nebula/controllers/file.go:1044.92,1047.3 2 0
github.com/nebula-drive/nebula/controllers/file.go:1049.2,1055.51 4 0
github.com/nebula-drive/nebula/controllers/file.go:1055.51,1058.3 2 0
github.com/nebula-drive/nebula/controllers/file.go:1060.2,1077.52 10 0
github.com/nebula-drive/nebula/controllers/file.go:1081.36,1085.53 4 0
github.com/nebula-drive/nebula/controllers/file.go:1085.53,1088.3 2 0
github.com/nebula-drive/nebula/controllers/file.go:1089.2,1089.24 1 0
github.com/nebula-drive/nebula/controllers/file.go:1089.24,1092.3 2 0
github.com/nebula-drive/nebula/controllers/file.go:1093.2,1094.92 2 0
github.com/nebula-drive/nebula/controllers/file.go:1094.92,1097.3 2 0
github.com/nebula-drive/nebula/controllers/file.go:1098.2,1098.49 1 0
github.com/nebula-drive/nebula/controllers/file.go:1098.49,1100.3 1 0
github.com/nebula-drive/nebula/controllers/file.go:1101.2,1102.41 2 0
github.com/nebula-drive/nebula/controllers/file.go:1113.29,1117.53 4 0
github.com/nebula-drive/nebula/controllers/file.go:1117.53,1120.3 2 0
github.com/nebula-drive/nebula/controllers/file.go:1121.2,1121.24 1 0
github.com/nebula-drive/nebula/controllers/file.go:1121.24,1124.3 2 0
github.com/nebula-drive/nebula/controllers/file.go:1125.2,1126.47 2 0
github.com/nebula-drive/nebula/controllers/file.go:1126.47,1129.3 2 0
github.com/nebula-drive/nebula/controllers/file.go:1130.2,1131.50 2 0
github.com/nebula-drive/nebula/controllers/file.go:1131.50,1134.3 2 0
github.com/nebula-drive/nebula/controllers/file.go:1135.2,1135.52 1 0
github.com/nebula-drive/nebula/controllers/file.go:1139.32,1144.53 5 0
github.com/nebula-drive/nebula/controllers/file.go:1144.53,1147.3 2 0
github.com/nebula-drive/nebula/controllers/file.go:1148.2,1148.24 1 0
github.com/nebula-drive/nebula/controllers/file.go:1148.24,1151.3 2 0
github.com/nebula-drive/nebula/controllers/file.go:1152.2,1153.41 2 0
github.com/nebula-drive/nebula/controllers/file.go:1157.31,1172.2 5 0
github.com/nebula-drive/nebula/controllers/file.go:1182.32,1185.47 3 0
github.com/nebula-drive/nebula/controllers/file.go:1185.47,1188.3 2 0
github.com/nebula-drive/nebula/controllers/file.go:1189.2,1189.27 1 0
github.com/nebula-drive/nebula/controllers/file.go:1189.27,1192.3 2 0
github.com/nebula-drive/nebula/controllers/file.go:1193.2,1194.29 2 0
github.com/nebula-drive/nebula/controllers/file.go:1194.29,1196.3 1 0
github.com/nebula-drive/nebula/controllers/file.go:1197.2,1197.34 1 0
github.com/nebula-drive/nebula/controllers/file.go:1197.34,1199.55 2 0
github.com/nebula-drive/nebula/controllers/file.go:1199.55,1200.12 1 0
github.com/nebula-drive/nebula/controllers/file.go:1202.3,1202.38 1 0
github.com/nebula-drive/nebula/controllers/file.go:1202.38,1203.12 1 0
github.com/nebula-drive/nebula/controllers/file.go:1205.3,1205.46 1 0
github.com/nebula-drive/nebula/controllers/file.go:1207.2,1207.41 1 0
github.com/nebula-drive/nebula/controllers/file.go:1216.32,1219.47 3 0
github.com/nebula-drive/nebula/controllers/file.go:1219.47,1222.3 2 0
github.com/nebula-drive/nebula/controllers/file.go:1223.2,1223.27 1 0
github.com/nebula-drive/nebula/controllers/file.go:1223.27,1226.3 2 0
github.com/nebula-drive/nebula/controllers/file.go:1227.2,1228.29 2 0
github.com/nebula-drive/nebula/controllers/file.go:1228.29,1230.3 1 0
github.com/nebula-drive/nebula/controllers/file.go:1231.2,1231.34 1 0
github.com/nebula-drive/nebula/controllers/file.go:1231.34,1233.55 2 0
github.com/nebula-drive/nebula/controllers/file.go:1233.55,1234.12 1 0
github.com/nebula-drive/nebula/controllers/file.go:1236.3,1236.38 1 0
github.com/nebula-drive/nebula/controllers/file.go:1236.38,1237.12 1 0
github.com/nebula-drive/nebula/controllers/file.go:1239.3,1239.14 1 0
github.com/nebula-drive/nebula/controllers/file.go:1239.14,1240.12 1 0
github.com/nebula-drive/nebula/controllers/file.go:1242.3,1243.17 2 0
github.com/nebula-drive/nebula/controllers/file.go:1243.17,1244.12 1 0
github.com/nebula-drive/nebula/controllers/file.go:1246.3,1247.57 2 0
github.com/nebula-drive/nebula/controllers/file.go:1247.57,1248.12 1 0
github.com/nebula-drive/nebula/controllers/file.go:1250.3,1254.52 5 0
github.com/nebula-drive/nebula/controllers/file.go:1254.52,1256.4 1 0
github.com/nebula-drive/nebula/controllers/file.go:1258.2,1258.41 1 0
github.com/nebula-drive/nebula/controllers/file.go:1267.34,1270.47 3 0
github.com/nebula-drive/nebula/controllers/file.go:1270.47,1273.3 2 0
github.com/nebula-drive/nebula/controllers/file.go:1274.2,1274.23 1 0
github.com/nebula-drive/nebula/controllers/file.go:1274.23,1277.3 2 0
github.com/nebula-drive/nebula/controllers/file.go:1279.2,1280.34 2 0
github.com/nebula-drive/nebula/controllers/file.go:1280.34,1282.55 2 0
github.com/nebula-drive/nebula/controllers/file.go:1282.55,1283.12 1 0
github.com/nebula-drive/nebula/controllers/file.go:1285.3,1285.38 1 0
github.com/nebula-drive/nebula/controllers/file.go:1285.38,1286.12 1 0
github.com/nebula-drive/nebula/controllers/file.go:1288.3,1288.25 1 0
github.com/nebula-drive/nebula/controllers/file.go:1290.2,1291.79 2 0
github.com/nebula-drive/nebula/controllers/file.go:1295.52,1297.16 2 0
github.com/nebula-drive/nebula/controllers/file.go:1297.16,1299.3 1 0
github.com/nebula-drive/nebula/controllers/file.go:1300.2,1300.26 1 0
github.com/nebula-drive/nebula/controllers/file.go:1300.26,1302.55 2 0
github.com/nebula-drive/nebula/controllers/file.go:1302.55,1303.12 1 0
github.com/nebula-drive/nebula/controllers/file.go:1305.3,1305.14 1 0
github.com/nebula-drive/nebula/controllers/file.go:1305.14,1306.12 1 0
github.com/nebula-drive/nebula/controllers/file.go:1308.3,1309.17 2 0
github.com/nebula-drive/nebula/controllers/file.go:1309.17,1310.12 1 0
github.com/nebula-drive/nebula/controllers/file.go:1312.3,1314.17 3 0
github.com/nebula-drive/nebula/controllers/file.go:1314.17,1315.12 1 0
github.com/nebula-drive/nebula/controllers/file.go:1317.3,1317.57 1 0
github.com/nebula-drive/nebula/controllers/file.go:1317.57,1319.12 2 0
github.com/nebula-drive/nebula/controllers/file.go:1321.3,1326.25 4 0
github.com/nebula-drive/nebula/controllers/file.go:1335.34,1338.47 3 0
github.com/nebula-drive/nebula/controllers/file.go:1338.47,1341.3 2 0
github.com/nebula-drive/nebula/controllers/file.go:1342.2,1342.27 1 0
github.com/nebula-drive/nebula/controllers/file.go:1342.27,1345.3 2 0
github.com/nebula-drive/nebula/controllers/file.go:1346.2,1346.34 1 0
github.com/nebula-drive/nebula/controllers/file.go:1346.34,1348.55 2 0
github.com/nebula-drive/nebula/controllers/file.go:1348.55,1349.12 1 0
github.com/nebula-drive/nebula/controllers/file.go:1351.3,1351.38 1 0
github.com/nebula-drive/nebula/controllers/file.go:1351.38,1352.12 1 0
github.com/nebula-drive/nebula/controllers/file.go:1354.3,1354.22 1 0
github.com/nebula-drive/nebula/controllers/file.go:1356.2,1356.41 1 0
github.com/nebula-drive/nebula/controllers/file.go:1362.26,1363.12 1 0
github.com/nebula-drive/nebula/controllers/file.go:1363.12,1367.22 4 0
github.com/nebula-drive/nebula/controllers/file.go:1367.22,1369.4 1 0
github.com/nebula-drive/nebula/controllers/file.go:1374.21,1375.21 1 0
github.com/nebula-drive/nebula/controllers/file.go:1375.21,1377.3 1 0
github.com/nebula-drive/nebula/controllers/file.go:1378.2,1379.20 2 0
github.com/nebula-drive/nebula/controllers/file.go:1379.20,1381.3 1 0
github.com/nebula-drive/nebula/controllers/file.go:1382.2,1385.26 4 0
github.com/nebula-drive/nebula/controllers/file.go:1385.26,1386.15 1 0
github.com/nebula-drive/nebula/controllers/file.go:1386.15,1387.48 1 0
github.com/nebula-drive/nebula/controllers/file.go:1387.48,1389.5 1 0
github.com/nebula-drive/nebula/controllers/file.go:1391.3,1392.33 2 0
github.com/nebula-drive/nebula/controllers/install.go:27.36,31.2 1 1
github.com/nebula-drive/nebula/controllers/install.go:34.30,36.47 2 1
github.com/nebula-drive/nebula/controllers/install.go:36.47,39.3 2 0
github.com/nebula-drive/nebula/controllers/install.go:41.2,41.41 1 1
github.com/nebula-drive/nebula/controllers/install.go:41.41,44.3 2 1
github.com/nebula-drive/nebula/controllers/install.go:46.2,46.45 1 1
github.com/nebula-drive/nebula/controllers/install.go:46.45,49.3 2 0
github.com/nebula-drive/nebula/controllers/install.go:51.2,53.47 2 1
github.com/nebula-drive/nebula/controllers/install.go:53.47,56.3 2 0
github.com/nebula-drive/nebula/controllers/install.go:58.2,67.39 3 1
github.com/nebula-drive/nebula/controllers/install.go:67.39,70.3 2 0
github.com/nebula-drive/nebula/controllers/install.go:71.2,71.65 1 1
github.com/nebula-drive/nebula/controllers/install.go:75.29,77.46 2 1
github.com/nebula-drive/nebula/controllers/install.go:77.46,80.3 2 0
github.com/nebula-drive/nebula/controllers/install.go:81.2,81.37 1 1
github.com/nebula-drive/nebula/controllers/install.go:81.37,84.3 2 1
github.com/nebula-drive/nebula/controllers/install.go:85.2,85.58 1 1
github.com/nebula-drive/nebula/controllers/install.go:88.27,90.80 2 1
github.com/nebula-drive/nebula/controllers/install.go:90.80,103.3 2 1
github.com/nebula-drive/nebula/controllers/install.go:106.44,108.16 2 1
github.com/nebula-drive/nebula/controllers/install.go:108.16,110.3 1 0
github.com/nebula-drive/nebula/controllers/install.go:111.2,119.34 2 1
github.com/nebula-drive/nebula/controllers/install.go:122.45,123.22 1 1
github.com/nebula-drive/nebula/controllers/install.go:123.22,125.3 1 1
github.com/nebula-drive/nebula/controllers/install.go:126.2,127.80 2 1
github.com/nebula-drive/nebula/controllers/install.go:127.80,135.3 1 1
github.com/nebula-drive/nebula/controllers/notification.go:14.40,18.14 4 1
github.com/nebula-drive/nebula/controllers/notification.go:18.14,20.3 1 1
github.com/nebula-drive/nebula/controllers/notification.go:21.2,21.28 1 1
github.com/nebula-drive/nebula/controllers/notification.go:21.28,23.3 1 1
github.com/nebula-drive/nebula/controllers/notification.go:24.2,29.86 5 1
github.com/nebula-drive/nebula/controllers/notification.go:33.34,38.2 4 1
github.com/nebula-drive/nebula/controllers/notification.go:41.31,46.22 4 1
github.com/nebula-drive/nebula/controllers/notification.go:46.22,49.3 2 0
github.com/nebula-drive/nebula/controllers/notification.go:50.2,50.41 1 1
github.com/nebula-drive/nebula/controllers/notification.go:54.34,59.2 3 1
github.com/nebula-drive/nebula/controllers/notification.go:62.41,67.2 4 1
github.com/nebula-drive/nebula/controllers/oauth.go:29.37,32.47 3 1
github.com/nebula-drive/nebula/controllers/oauth.go:32.47,35.3 2 1
github.com/nebula-drive/nebula/controllers/oauth.go:36.2,44.52 3 1
github.com/nebula-drive/nebula/controllers/oauth.go:44.52,47.3 2 0
github.com/nebula-drive/nebula/controllers/oauth.go:49.2,57.5 1 1
github.com/nebula-drive/nebula/controllers/oauth.go:61.36,66.2 4 1
github.com/nebula-drive/nebula/controllers/oauth.go:69.37,73.27 4 1
github.com/nebula-drive/nebula/controllers/oauth.go:73.27,76.3 2 1
github.com/nebula-drive/nebula/controllers/oauth.go:77.2,77.41 1 1
github.com/nebula-drive/nebula/controllers/oauth.go:81.58,85.2 3 1
github.com/nebula-drive/nebula/controllers/oauth.go:88.37,96.84 7 1
github.com/nebula-drive/nebula/controllers/oauth.go:96.84,99.3 2 1
github.com/nebula-drive/nebula/controllers/oauth.go:100.2,101.40 2 1
github.com/nebula-drive/nebula/controllers/oauth.go:101.40,103.26 2 1
github.com/nebula-drive/nebula/controllers/oauth.go:103.26,104.24 1 1
github.com/nebula-drive/nebula/controllers/oauth.go:104.24,106.10 2 1
github.com/nebula-drive/nebula/controllers/oauth.go:109.3,109.15 1 1
github.com/nebula-drive/nebula/controllers/oauth.go:109.15,112.4 2 1
github.com/nebula-drive/nebula/controllers/oauth.go:114.2,114.28 1 1
github.com/nebula-drive/nebula/controllers/oauth.go:114.28,117.3 2 1
github.com/nebula-drive/nebula/controllers/oauth.go:118.2,118.17 1 1
github.com/nebula-drive/nebula/controllers/oauth.go:118.17,120.3 1 1
github.com/nebula-drive/nebula/controllers/oauth.go:121.2,128.5 1 1
github.com/nebula-drive/nebula/controllers/oauth.go:140.44,143.47 3 1
github.com/nebula-drive/nebula/controllers/oauth.go:143.47,146.3 2 1
github.com/nebula-drive/nebula/controllers/oauth.go:147.2,148.88 2 1
github.com/nebula-drive/nebula/controllers/oauth.go:148.88,151.3 2 1
github.com/nebula-drive/nebula/controllers/oauth.go:152.2,152.14 1 1
github.com/nebula-drive/nebula/controllers/oauth.go:152.14,156.3 3 1
github.com/nebula-drive/nebula/controllers/oauth.go:157.2,158.17 2 1
github.com/nebula-drive/nebula/controllers/oauth.go:158.17,160.3 1 1
github.com/nebula-drive/nebula/controllers/oauth.go:161.2,170.51 3 1
github.com/nebula-drive/nebula/controllers/oauth.go:170.51,173.3 2 0
github.com/nebula-drive/nebula/controllers/oauth.go:174.2,178.5 2 1
github.com/nebula-drive/nebula/controllers/oauth.go:181.72,182.16 1 1
github.com/nebula-drive/nebula/controllers/oauth.go:182.16,184.3 1 1
github.com/nebula-drive/nebula/controllers/oauth.go:185.2,186.33 2 1
github.com/nebula-drive/nebula/controllers/oauth.go:186.33,188.3 1 1
github.com/nebula-drive/nebula/controllers/oauth.go:189.2,190.16 2 1
github.com/nebula-drive/nebula/controllers/oauth.go:190.16,192.3 1 1
github.com/nebula-drive/nebula/controllers/oauth.go:193.2,193.17 1 1
github.com/nebula-drive/nebula/controllers/oauth.go:193.17,194.14 1 1
github.com/nebula-drive/nebula/controllers/oauth.go:194.14,196.4 1 1
github.com/nebula-drive/nebula/controllers/oauth.go:197.3,197.24 1 1
github.com/nebula-drive/nebula/controllers/oauth.go:199.2,199.19 1 1
github.com/nebula-drive/nebula/controllers/oauth.go:199.19,200.14 1 1
github.com/nebula-drive/nebula/controllers/oauth.go:200.14,202.4 1 0
github.com/nebula-drive/nebula/controllers/oauth.go:203.3,203.26 1 1
github.com/nebula-drive/nebula/controllers/oauth.go:205.2,205.20 1 1
github.com/nebula-drive/nebula/controllers/oauth.go:205.20,206.14 1 0
github.com/nebula-drive/nebula/controllers/oauth.go:206.14,208.4 1 0
github.com/nebula-drive/nebula/controllers/oauth.go:209.3,209.27 1 0
github.com/nebula-drive/nebula/controllers/oauth.go:211.2,211.23 1 1
github.com/nebula-drive/nebula/controllers/oauth.go:223.33,225.43 2 1
github.com/nebula-drive/nebula/controllers/oauth.go:225.43,228.3 2 0
github.com/nebula-drive/nebula/controllers/oauth.go:229.2,229.43 1 1
github.com/nebula-drive/nebula/controllers/oauth.go:229.43,232.3 2 1
github.com/nebula-drive/nebula/controllers/oauth.go:233.2,234.128 2 1
github.com/nebula-drive/nebula/controllers/oauth.go:234.128,237.3 2 1
github.com/nebula-drive/nebula/controllers/oauth.go:238.2,240.16 3 1
github.com/nebula-drive/nebula/controllers/oauth.go:240.16,243.3 2 1
github.com/nebula-drive/nebula/controllers/oauth.go:244.2,244.13 1 1
github.com/nebula-drive/nebula/controllers/oauth.go:244.13,247.3 2 1
github.com/nebula-drive/nebula/controllers/oauth.go:248.2,248.37 1 1
github.com/nebula-drive/nebula/controllers/oauth.go:248.37,251.3 2 1
github.com/nebula-drive/nebula/controllers/oauth.go:252.2,252.88 1 1
github.com/nebula-drive/nebula/controllers/oauth.go:252.88,255.3 2 0
github.com/nebula-drive/nebula/controllers/oauth.go:256.2,266.51 4 1
github.com/nebula-drive/nebula/controllers/oauth.go:266.51,269.3 2 0
github.com/nebula-drive/nebula/controllers/oauth.go:270.2,275.4 1 1
github.com/nebula-drive/nebula/controllers/oauth.go:279.36,281.14 2 1
github.com/nebula-drive/nebula/controllers/oauth.go:281.14,284.3 2 1
github.com/nebula-drive/nebula/controllers/oauth.go:285.2,292.5 1 1
github.com/nebula-drive/nebula/controllers/pat.go:24.32,27.47 3 1
github.com/nebula-drive/nebula/controllers/pat.go:27.47,30.3 2 1
github.com/nebula-drive/nebula/controllers/pat.go:31.2,31.21 1 1
github.com/nebula-drive/nebula/controllers/pat.go:31.21,33.3 1 0
github.com/nebula-drive/nebula/controllers/pat.go:34.2,43.52 3 1
github.com/nebula-drive/nebula/controllers/pat.go:43.52,46.3 2 0
github.com/nebula-drive/nebula/controllers/pat.go:48.2,56.5 1 1
github.com/nebula-drive/nebula/controllers/pat.go:60.31,65.2 4 1
github.com/nebula-drive/nebula/controllers/pat.go:68.32,72.27 4 1
github.com/nebula-drive/nebula/controllers/pat.go:72.27,75.3 2 1
github.com/nebula-drive/nebula/controllers/pat.go:76.2,76.41 1 1
github.com/nebula-drive/nebula/controllers/preview.go:17.30,20.53 3 0
github.com/nebula-drive/nebula/controllers/preview.go:20.53,23.3 2 0
github.com/nebula-drive/nebula/controllers/preview.go:24.2,25.37 2 0
github.com/nebula-drive/nebula/controllers/preview.go:25.37,28.3 2 0
github.com/nebula-drive/nebula/controllers/preview.go:29.2,29.13 1 0
github.com/nebula-drive/nebula/controllers/preview.go:29.13,32.3 2 0
github.com/nebula-drive/nebula/controllers/preview.go:33.2,34.16 2 0
github.com/nebula-drive/nebula/controllers/preview.go:34.16,37.3 2 0
github.com/nebula-drive/nebula/controllers/preview.go:38.2,39.16 2 0
github.com/nebula-drive/nebula/controllers/preview.go:39.16,42.3 2 0
github.com/nebula-drive/nebula/controllers/preview.go:43.2,45.14 3 0
github.com/nebula-drive/nebula/controllers/preview.go:45.14,47.3 1 0
github.com/nebula-drive/nebula/controllers/preview.go:48.2,51.23 4 0
github.com/nebula-drive/nebula/controllers/preview.go:55.28,58.53 3 0
github.com/nebula-drive/nebula/controllers/preview.go:58.53,61.3 2 0
github.com/nebula-drive/nebula/controllers/preview.go:62.2,63.37 2 0
github.com/nebula-drive/nebula/controllers/preview.go:63.37,66.3 2 0
github.com/nebula-drive/nebula/controllers/preview.go:67.2,67.46 1 0
github.com/nebula-drive/nebula/controllers/preview.go:67.46,70.3 2 0
github.com/nebula-drive/nebula/controllers/preview.go:71.2,72.16 2 0
github.com/nebula-drive/nebula/controllers/preview.go:72.16,75.3 2 0
github.com/nebula-drive/nebula/controllers/preview.go:76.2,80.47 4 0
github.com/nebula-drive/nebula/controllers/preview.go:80.47,82.3 1 0
github.com/nebula-drive/nebula/controllers/preview.go:82.8,84.3 1 0
github.com/nebula-drive/nebula/controllers/preview.go:85.2,85.16 1 0
github.com/nebula-drive/nebula/controllers/preview.go:85.16,88.3 2 0
github.com/nebula-drive/nebula/controllers/preview.go:89.2,92.23 4 0
github.com/nebula-drive/nebula/controllers/share.go:23.34,26.47 3 1
github.com/nebula-drive/nebula/controllers/share.go:26.47,29.3 2 1
github.com/nebula-drive/nebula/controllers/share.go:30.2,31.61 2 1
github.com/nebula-drive/nebula/controllers/share.go:31.61,34.3 2 1
github.com/nebula-drive/nebula/controllers/share.go:35.2,35.37 1 1
github.com/nebula-drive/nebula/controllers/share.go:35.37,38.3 2 0
github.com/nebula-drive/nebula/controllers/share.go:39.2,66.52 6 1
github.com/nebula-drive/nebula/controllers/share.go:70.31,73.15 3 1
github.com/nebula-drive/nebula/controllers/share.go:73.15,75.3 1 1
github.com/nebula-drive/nebula/controllers/share.go:76.2,77.19 2 1
github.com/nebula-drive/nebula/controllers/share.go:77.19,79.3 1 1
github.com/nebula-drive/nebula/controllers/share.go:81.2,82.53 2 1
github.com/nebula-drive/nebula/controllers/share.go:82.53,85.3 2 1
github.com/nebula-drive/nebula/controllers/share.go:86.2,86.56 1 1
github.com/nebula-drive/nebula/controllers/share.go:86.56,89.3 2 1
github.com/nebula-drive/nebula/controllers/share.go:90.2,90.43 1 1
github.com/nebula-drive/nebula/controllers/share.go:90.43,93.3 2 1
github.com/nebula-drive/nebula/controllers/share.go:94.2,94.53 1 1
github.com/nebula-drive/nebula/controllers/share.go:94.53,97.3 2 0
github.com/nebula-drive/nebula/controllers/share.go:98.2,103.79 5 1
github.com/nebula-drive/nebula/controllers/share.go:107.33,112.2 4 1
github.com/nebula-drive/nebula/controllers/share.go:115.34,119.53 4 1
github.com/nebula-drive/nebula/controllers/share.go:119.53,122.3 2 0
github.com/nebula-drive/nebula/controllers/share.go:123.2,123.37 1 1
github.com/nebula-drive/nebula/controllers/share.go:123.37,126.3 2 0
github.com/nebula-drive/nebula/controllers/share.go:127.2,147.41 5 1
github.com/nebula-drive/nebula/controllers/task.go:34.32,38.16 4 1
github.com/nebula-drive/nebula/controllers/task.go:38.16,40.3 1 1
github.com/nebula-drive/nebula/controllers/task.go:41.2,42.56 2 1
github.com/nebula-drive/nebula/controllers/task.go:54.33,57.47 3 0
github.com/nebula-drive/nebula/controllers/task.go:57.47,60.3 2 0
github.com/nebula-drive/nebula/controllers/task.go:62.2,64.24 2 0
github.com/nebula-drive/nebula/controllers/task.go:64.24,66.19 1 0
github.com/nebula-drive/nebula/controllers/task.go:66.19,68.66 2 0
github.com/nebula-drive/nebula/controllers/task.go:68.66,70.53 2 0
github.com/nebula-drive/nebula/controllers/task.go:70.53,74.6 3 0
github.com/nebula-drive/nebula/controllers/task.go:79.3,83.9 5 0
github.com/nebula-drive/nebula/controllers/task.go:87.2,87.19 1 0
github.com/nebula-drive/nebula/controllers/task.go:87.19,90.3 2 0
github.com/nebula-drive/nebula/controllers/task.go:91.2,92.43 2 0
github.com/nebula-drive/nebula/controllers/task.go:92.43,94.17 2 0
github.com/nebula-drive/nebula/controllers/task.go:94.17,97.4 2 0
github.com/nebula-drive/nebula/controllers/task.go:98.3,98.10 1 0
github.com/nebula-drive/nebula/controllers/task.go:99.8,102.18 2 0
github.com/nebula-drive/nebula/controllers/task.go:102.18,105.4 2 0
github.com/nebula-drive/nebula/controllers/task.go:106.3,107.17 2 0
github.com/nebula-drive/nebula/controllers/task.go:107.17,110.4 2 0
github.com/nebula-drive/nebula/controllers/task.go:111.3,111.10 1 0
github.com/nebula-drive/nebula/controllers/task.go:113.2,116.52 4 0
github.com/nebula-drive/nebula/controllers/task.go:120.33,122.2 1 0
github.com/nebula-drive/nebula/controllers/task.go:125.48,127.16 2 0
github.com/nebula-drive/nebula/controllers/task.go:127.16,129.3 1 0
github.com/nebula-drive/nebula/controllers/task.go:130.2,131.28 2 0
github.com/nebula-drive/nebula/controllers/task.go:131.28,133.3 1 0
github.com/nebula-drive/nebula/controllers/task.go:134.2,134.30 1 0
github.com/nebula-drive/nebula/controllers/task.go:138.70,143.15 5 0
github.com/nebula-drive/nebula/controllers/task.go:143.15,147.3 3 0
github.com/nebula-drive/nebula/controllers/task.go:149.2,154.6 5 0
github.com/nebula-drive/nebula/controllers/task.go:154.6,155.10 1 0
github.com/nebula-drive/nebula/controllers/task.go:156.17,159.10 3 0
github.com/nebula-drive/nebula/controllers/task.go:160.19,160.19 0 0
github.com/nebula-drive/nebula/controllers/task.go:162.3,163.17 2 0
github.com/nebula-drive/nebula/controllers/task.go:163.17,166.21 2 0
github.com/nebula-drive/nebula/controllers/task.go:166.21,169.5 2 0
github.com/nebula-drive/nebula/controllers/task.go:170.4,170.12 1 0
github.com/nebula-drive/nebula/controllers/task.go:172.3,175.59 4 0
github.com/nebula-drive/nebula/controllers/task.go:175.59,177.4 1 0
github.com/nebula-drive/nebula/controllers/task.go:182.85,186.18 4 0
github.com/nebula-drive/nebula/controllers/task.go:186.18,187.62 1 0
github.com/nebula-drive/nebula/controllers/task.go:187.62,189.4 1 0
github.com/nebula-drive/nebula/controllers/task.go:192.2,193.12 2 0
github.com/nebula-drive/nebula/controllers/task.go:194.18,196.28 2 0
github.com/nebula-drive/nebula/controllers/task.go:197.15,199.19 2 0
github.com/nebula-drive/nebula/controllers/task.go:199.19,201.4 1 0
github.com/nebula-drive/nebula/controllers/task.go:202.17,204.31 2 0
github.com/nebula-drive/nebula/controllers/task.go:205.10,206.24 1 0
github.com/nebula-drive/nebula/controllers/task.go:208.2,210.22 2 0
github.com/nebula-drive/nebula/controllers/task.go:210.22,212.3 1 0
github.com/nebula-drive/nebula/controllers/task.go:216.47,219.16 3 1
github.com/nebula-drive/nebula/controllers/task.go:219.16,221.3 1 1
github.com/nebula-drive/nebula/controllers/task.go:222.2,223.11 2 1
github.com/nebula-drive/nebula/controllers/task.go:223.11,225.3 1 0
github.com/nebula-drive/nebula/controllers/task.go:226.2,226.13 1 1
github.com/nebula-drive/nebula/controllers/task.go:226.13,228.3 1 1
github.com/nebula-drive/nebula/controllers/task.go:229.2,229.10 1 1
github.com/nebula-drive/nebula/controllers/task.go:233.30,234.23 1 1
github.com/nebula-drive/nebula/controllers/task.go:235.14,237.11 2 1
github.com/nebula-drive/nebula/controllers/task.go:238.15,239.18 1 1
github.com/nebula-drive/nebula/controllers/task.go:240.19,242.11 2 1
github.com/nebula-drive/nebula/controllers/task.go:244.2,244.10 1 1
github.com/nebula-drive/nebula/controllers/task.go:248.51,250.28 2 1
github.com/nebula-drive/nebula/controllers/task.go:250.28,252.3 1 1
github.com/nebula-drive/nebula/controllers/task.go:253.2,254.9 2 1
github.com/nebula-drive/nebula/controllers/task.go:254.9,256.3 1 1
github.com/nebula-drive/nebula/controllers/task.go:257.2,258.10 2 1
github.com/nebula-drive/nebula/controllers/task.go:262.84,264.19 2 0
github.com/nebula-drive/nebula/controllers/task.go:264.19,267.3 2 0
github.com/nebula-drive/nebula/controllers/task.go:268.2,269.16 2 0
github.com/nebula-drive/nebula/controllers/task.go:269.16,272.3 2 0
github.com/nebula-drive/nebula/controllers/task.go:273.2,278.16 5 0
github.com/nebula-drive/nebula/controllers/task.go:278.16,281.3 2 0
github.com/nebula-drive/nebula/controllers/task.go:282.2,283.58 2 0
github.com/nebula-drive/nebula/controllers/task.go:283.58,286.3 2 0
github.com/nebula-drive/nebula/controllers/task.go:287.2,293.51 3 0
github.com/nebula-drive/nebula/controllers/task.go:293.51,296.3 2 0
github.com/nebula-drive/nebula/controllers/task.go:297.2,301.20 3 0
github.com/nebula-drive/nebula/controllers/task.go:305.39,311.15 5 0
github.com/nebula-drive/nebula/controllers/task.go:311.15,315.3 3 0
github.com/nebula-drive/nebula/controllers/task.go:317.2,320.16 3 0
github.com/nebula-drive/nebula/controllers/task.go:320.16,323.3 2 0
github.com/nebula-drive/nebula/controllers/task.go:324.2,327.53 3 0
github.com/nebula-drive/nebula/controllers/task.go:327.53,329.3 1 0
github.com/nebula-drive/nebula/controllers/task.go:330.2,332.20 3 0
github.com/nebula-drive/nebula/controllers/task.go:332.20,334.3 1 0
github.com/nebula-drive/nebula/controllers/task.go:336.2,337.16 2 0
github.com/nebula-drive/nebula/controllers/task.go:337.16,340.3 2 0
github.com/nebula-drive/nebula/controllers/task.go:341.2,343.16 3 0
github.com/nebula-drive/nebula/controllers/task.go:343.16,346.3 2 0
github.com/nebula-drive/nebula/controllers/task.go:347.2,352.6 6 0
github.com/nebula-drive/nebula/controllers/task.go:352.6,353.10 1 0
github.com/nebula-drive/nebula/controllers/task.go:354.17,357.10 3 0
github.com/nebula-drive/nebula/controllers/task.go:358.11,358.11 0 0
github.com/nebula-drive/nebula/controllers/task.go:360.3,361.12 2 0
github.com/nebula-drive/nebula/controllers/task.go:361.12,364.51 3 0
github.com/nebula-drive/nebula/controllers/task.go:364.51,368.5 3 0
github.com/nebula-drive/nebula/controllers/task.go:370.3,370.16 1 0
github.com/nebula-drive/nebula/controllers/task.go:370.16,371.9 1 0
github.com/nebula-drive/nebula/controllers/task.go:374.2,376.16 3 0
github.com/nebula-drive/nebula/controllers/task.go:376.16,379.3 2 0
github.com/nebula-drive/nebula/controllers/task.go:380.2,383.58 4 0
github.com/nebula-drive/nebula/controllers/task.go:383.58,386.3 2 0
github.com/nebula-drive/nebula/controllers/task.go:387.2,396.94 6 0
github.com/nebula-drive/nebula/controllers/task.go:400.33,405.8 5 1
github.com/nebula-drive/nebula/controllers/task.go:405.8,406.18 1 0
github.com/nebula-drive/nebula/controllers/task.go:406.18,408.4 1 0
github.com/nebula-drive/nebula/controllers/task.go:409.3,409.18 1 0
github.com/nebula-drive/nebula/controllers/task.go:410.9,412.3 0 1
github.com/nebula-drive/nebula/controllers/task.go:413.2,414.41 2 1
github.com/nebula-drive/nebula/controllers/task.go:417.33,418.35 1 1
github.com/nebula-drive/nebula/controllers/task.go:418.35,419.79 1 1
github.com/nebula-drive/nebula/controllers/task.go:419.79,421.4 1 1
github.com/nebula-drive/nebula/controllers/task.go:423.2,423.10 1 1
github.com/nebula-drive/nebula/controllers/task.go:426.31,427.32 1 1
github.com/nebula-drive/nebula/controllers/task.go:427.32,429.3 1 1
github.com/nebula-drive/nebula/controllers/task.go:430.2,430.10 1 1
github.com/nebula-drive/nebula/controllers/task.go:433.39,434.13 1 1
github.com/nebula-drive/nebula/controllers/task.go:435.60,436.33 1 1
github.com/nebula-drive/nebula/controllers/task.go:437.14,438.22 1 1
github.com/nebula-drive/nebula/controllers/task.go:439.14,440.27 1 0
github.com/nebula-drive/nebula/controllers/task.go:441.23,442.22 1 0
github.com/nebula-drive/nebula/controllers/task.go:443.14,444.21 1 1
github.com/nebula-drive/nebula/controllers/task.go:445.14,446.21 1 1
github.com/nebula-drive/nebula/controllers/task.go:447.14,448.22 1 1
github.com/nebula-drive/nebula/controllers/task.go:450.2,450.35 1 1
github.com/nebula-drive/nebula/controllers/ws.go:27.43,29.4 1 0
github.com/nebula-drive/nebula/controllers/ws.go:33.61,37.2 3 0
github.com/nebula-drive/nebula/controllers/ws.go:39.63,43.26 4 0
github.com/nebula-drive/nebula/controllers/ws.go:43.26,44.16 1 0
github.com/nebula-drive/nebula/controllers/ws.go:44.16,46.9 2 0
github.com/nebula-drive/nebula/controllers/ws.go:49.2,49.31 1 0
github.com/nebula-drive/nebula/controllers/ws.go:49.31,51.3 1 0
github.com/nebula-drive/nebula/controllers/ws.go:55.44,59.26 4 1
github.com/nebula-drive/nebula/controllers/ws.go:59.26,60.42 1 0
github.com/nebula-drive/nebula/controllers/ws.go:60.42,63.4 2 0
github.com/nebula-drive/nebula/controllers/ws.go:68.32,70.14 2 0
github.com/nebula-drive/nebula/controllers/ws.go:70.14,73.3 2 0
github.com/nebula-drive/nebula/controllers/ws.go:74.2,75.16 2 0
github.com/nebula-drive/nebula/controllers/ws.go:75.16,77.3 1 0
github.com/nebula-drive/nebula/controllers/ws.go:78.2,79.15 2 0
github.com/nebula-drive/nebula/controllers/ws.go:79.15,82.3 2 0
github.com/nebula-drive/nebula/controllers/ws.go:84.2,84.6 1 0
github.com/nebula-drive/nebula/controllers/ws.go:84.6,85.50 1 0
github.com/nebula-drive/nebula/controllers/ws.go:85.50,86.9 1 0
github.com/nebula-drive/nebula/controllers/ws.go:92.53,94.2 1 1
github.com/nebula-drive/nebula/controllers/ws.go:97.75,98.21 1 1
github.com/nebula-drive/nebula/controllers/ws.go:98.21,100.3 1 0
github.com/nebula-drive/nebula/controllers/ws.go:101.2,101.17 1 1
github.com/nebula-drive/nebula/controllers/ws.go:101.17,103.3 1 0
github.com/nebula-drive/nebula/controllers/ws.go:104.2,104.20 1 1
github.com/nebula-drive/nebula/controllers/ws.go:104.20,106.3 1 0
github.com/nebula-drive/nebula/controllers/ws.go:107.2,114.50 2 1
github.com/nebula-drive/nebula/controllers/ws.go:114.50,116.3 1 0
github.com/nebula-drive/nebula/controllers/ws.go:117.2,121.74 3 1
github.com/nebula-drive/nebula/controllers/ws.go:121.74,127.3 1 1
github.com/nebula-drive/nebula/main.go:24.13,32.36 5 0
github.com/nebula-drive/nebula/main.go:32.36,34.3 1 0
github.com/nebula-drive/nebula/main.go:37.2,37.24 1 0
github.com/nebula-drive/nebula/main.go:37.24,39.3 1 0
github.com/nebula-drive/nebula/main.go:41.2,42.16 2 0
github.com/nebula-drive/nebula/main.go:42.16,43.61 1 0
github.com/nebula-drive/nebula/main.go:43.61,45.4 1 0
github.com/nebula-drive/nebula/main.go:47.2,47.16 1 0
github.com/nebula-drive/nebula/main.go:47.16,49.3 1 0
github.com/nebula-drive/nebula/main.go:51.2,54.22 4 0
github.com/nebula-drive/nebula/main.go:58.46,60.17 2 0
github.com/nebula-drive/nebula/main.go:61.14,63.19 2 0
github.com/nebula-drive/nebula/main.go:63.19,64.37 1 0
github.com/nebula-drive/nebula/main.go:64.37,66.5 1 0
github.com/nebula-drive/nebula/main.go:68.3,69.17 2 0
github.com/nebula-drive/nebula/main.go:69.17,73.4 3 0
github.com/nebula-drive/nebula/main.go:74.3,76.28 3 0
github.com/nebula-drive/nebula/main.go:77.16,79.17 2 0
github.com/nebula-drive/nebula/main.go:79.17,83.4 3 0
github.com/nebula-drive/nebula/main.go:84.3,85.28 2 0
github.com/nebula-drive/nebula/main.go:86.10,87.19 1 0
github.com/nebula-drive/nebula/main.go:91.42,93.67 2 0
github.com/nebula-drive/nebula/main.go:93.67,95.3 1 0
github.com/nebula-drive/nebula/main.go:98.63,100.85 2 0
github.com/nebula-drive/nebula/main.go:100.85,102.3 1 0
github.com/nebula-drive/nebula/main.go:106.34,108.14 2 0
github.com/nebula-drive/nebula/main.go:108.14,110.3 1 0
github.com/nebula-drive/nebula/main.go:111.2,111.56 1 0
github.com/nebula-drive/nebula/main.go:111.56,113.3 1 0
github.com/nebula-drive/nebula/main.go:116.42,117.21 1 0
github.com/nebula-drive/nebula/main.go:117.21,119.3 1 0
github.com/nebula-drive/nebula/main.go:120.2,121.73 2 0
github.com/nebula-drive/nebula/main.go:121.73,123.3 1 0
github.com/nebula-drive/nebula/main.go:124.2,124.16 1 0
github.com/nebula-drive/nebula/main.go:128.18,130.16 2 0
github.com/nebula-drive/nebula/main.go:130.16,132.3 1 0
github.com/nebula-drive/nebula/main.go:133.2,133.41 1 0
github.com/nebula-drive/nebula/main.go:133.41,136.3 2 0
github.com/nebula-drive/nebula/main.go:137.2,137.45 1 0
github.com/nebula-drive/nebula/main.go:137.45,139.3 1 0
github.com/nebula-drive/nebula/main.go:140.2,140.49 1 0
github.com/nebula-drive/nebula/main.go:140.49,142.3 1 0
github.com/nebula-drive/nebula/main.go:143.2,143.35 1 0
github.com/nebula-drive/nebula/main.go:143.35,145.3 1 0
github.com/nebula-drive/nebula/main.go:146.2,150.43 3 0
github.com/nebula-drive/nebula/main.go:150.43,152.3 1 0
github.com/nebula-drive/nebula/main.go:155.2,155.33 1 0
github.com/nebula-drive/nebula/main.go:159.40,160.22 1 0
github.com/nebula-drive/nebula/main.go:160.22,162.3 1 0
github.com/nebula-drive/nebula/main.go:163.2,164.80 2 0
github.com/nebula-drive/nebula/main.go:164.80,166.3 1 0
github.com/nebula-drive/nebula/main.go:167.2,168.81 2 0
github.com/nebula-drive/nebula/main.go:168.81,170.3 1 0
github.com/nebula-drive/nebula/main.go:171.2,172.80 2 0
github.com/nebula-drive/nebula/main.go:172.80,174.3 1 0
github.com/nebula-drive/nebula/main.go:175.2,175.23 1 0
github.com/nebula-drive/nebula/main.go:178.39,180.101 2 0
github.com/nebula-drive/nebula/main.go:180.101,182.3 1 0
github.com/nebula-drive/nebula/main.go:182.8,182.26 1 0
github.com/nebula-drive/nebula/main.go:182.26,184.3 1 0
github.com/nebula-drive/nebula/main.go:188.28,206.2 14 0
github.com/nebula-drive/nebula/web.go:16.38,18.16 2 0
github.com/nebula-drive/nebula/web.go:18.16,20.3 1 0
github.com/nebula-drive/nebula/web.go:21.2,23.33 2 0
github.com/nebula-drive/nebula/web.go:23.33,27.75 2 0
github.com/nebula-drive/nebula/web.go:27.75,30.4 2 0
github.com/nebula-drive/nebula/web.go:33.3,33.18 1 0
github.com/nebula-drive/nebula/web.go:33.18,35.44 2 0
github.com/nebula-drive/nebula/web.go:35.44,39.5 3 0
github.com/nebula-drive/nebula/web.go:43.3,44.44 2 0
github.com/nebula-drive/nebula/filesystem/cos.go:30.53,32.62 2 1
github.com/nebula-drive/nebula/filesystem/cos.go:32.62,34.3 1 0
github.com/nebula-drive/nebula/filesystem/cos.go:35.2,35.22 1 1
github.com/nebula-drive/nebula/filesystem/cos.go:35.22,37.3 1 1
github.com/nebula-drive/nebula/filesystem/cos.go:38.2,38.22 1 1
github.com/nebula-drive/nebula/filesystem/cos.go:38.22,40.3 1 0
github.com/nebula-drive/nebula/filesystem/cos.go:41.2,41.24 1 1
github.com/nebula-drive/nebula/filesystem/cos.go:41.24,43.3 1 0
github.com/nebula-drive/nebula/filesystem/cos.go:44.2,44.25 1 1
github.com/nebula-drive/nebula/filesystem/cos.go:44.25,46.3 1 0
github.com/nebula-drive/nebula/filesystem/cos.go:47.2,48.18 2 1
github.com/nebula-drive/nebula/filesystem/cos.go:48.18,50.3 1 1
github.com/nebula-drive/nebula/filesystem/cos.go:51.2,59.51 4 1
github.com/nebula-drive/nebula/filesystem/cos.go:62.71,65.29 3 1
github.com/nebula-drive/nebula/filesystem/cos.go:65.29,68.3 2 1
github.com/nebula-drive/nebula/filesystem/cos.go:69.2,69.33 1 1
github.com/nebula-drive/nebula/filesystem/cos.go:72.72,74.26 2 0
github.com/nebula-drive/nebula/filesystem/cos.go:74.26,77.3 2 0
github.com/nebula-drive/nebula/filesystem/cos.go:78.2,80.16 3 0
github.com/nebula-drive/nebula/filesystem/cos.go:80.16,82.3 1 0
github.com/nebula-drive/nebula/filesystem/cos.go:83.2,86.16 4 0
github.com/nebula-drive/nebula/filesystem/cos.go:86.16,89.3 2 0
github.com/nebula-drive/nebula/filesystem/cos.go:90.2,98.12 4 0
github.com/nebula-drive/nebula/filesystem/cos.go:101.62,104.16 3 0
github.com/nebula-drive/nebula/filesystem/cos.go:104.16,106.3 1 0
github.com/nebula-drive/nebula/filesystem/cos.go:107.2,107.23 1 0
github.com/nebula-drive/nebula/filesystem/cos.go:110.89,113.17 3 0
github.com/nebula-drive/nebula/filesystem/cos.go:113.17,115.3 1 0
github.com/nebula-drive/nebula/filesystem/cos.go:115.8,117.3 1 0
github.com/nebula-drive/nebula/filesystem/cos.go:118.2,122.16 3 0
github.com/nebula-drive/nebula/filesystem/cos.go:122.16,124.3 1 0
github.com/nebula-drive/nebula/filesystem/cos.go:125.2,125.23 1 0
github.com/nebula-drive/nebula/filesystem/cos.go:128.48,132.2 3 0
github.com/nebula-drive/nebula/filesystem/cos.go:134.55,137.16 3 0
github.com/nebula-drive/nebula/filesystem/cos.go:137.16,139.3 1 0
github.com/nebula-drive/nebula/filesystem/cos.go:140.2,140.56 1 0
github.com/nebula-drive/nebula/filesystem/cos.go:143.85,145.18 2 1
github.com/nebula-drive/nebula/filesystem/cos.go:145.18,147.3 1 1
github.com/nebula-drive/nebula/filesystem/cos.go:148.2,149.16 2 1
github.com/nebula-drive/nebula/filesystem/cos.go:149.16,151.3 1 0
github.com/nebula-drive/nebula/filesystem/cos.go:152.2,152.25 1 1
github.com/nebula-drive/nebula/filesystem/cos.go:156.50,161.2 4 0
github.com/nebula-drive/nebula/filesystem/fs.go:26.67,28.63 2 1
github.com/nebula-drive/nebula/filesystem/fs.go:28.63,30.3 1 0
github.com/nebula-drive/nebula/filesystem/fs.go:31.2,32.16 2 1
github.com/nebula-drive/nebula/filesystem/fs.go:32.16,34.3 1 0
github.com/nebula-drive/nebula/filesystem/fs.go:35.2,37.12 3 1
github.com/nebula-drive/nebula/filesystem/fs.go:40.57,42.2 1 1
github.com/nebula-drive/nebula/filesystem/fs.go:44.84,46.16 2 1
github.com/nebula-drive/nebula/filesystem/fs.go:46.16,48.3 1 0
github.com/nebula-drive/nebula/filesystem/fs.go:49.2,50.16 2 1
github.com/nebula-drive/nebula/filesystem/fs.go:50.16,53.3 2 0
github.com/nebula-drive/nebula/filesystem/fs.go:54.2,55.16 2 1
github.com/nebula-drive/nebula/filesystem/fs.go:55.16,57.3 1 0
github.com/nebula-drive/nebula/filesystem/fs.go:58.2,58.42 1 1
github.com/nebula-drive/nebula/filesystem/fs.go:58.42,60.3 1 0
github.com/nebula-drive/nebula/filesystem/fs.go:61.2,61.56 1 1
github.com/nebula-drive/nebula/filesystem/fs.go:61.56,64.3 2 0
github.com/nebula-drive/nebula/filesystem/fs.go:65.2,68.8 1 1
github.com/nebula-drive/nebula/filesystem/fs.go:76.43,77.86 1 1
github.com/nebula-drive/nebula/filesystem/fs.go:77.86,79.3 1 0
github.com/nebula-drive/nebula/filesystem/fs.go:80.2,80.12 1 1
github.com/nebula-drive/nebula/filesystem/fs.go:83.50,85.16 2 1
github.com/nebula-drive/nebula/filesystem/fs.go:85.16,87.3 1 0
github.com/nebula-drive/nebula/filesystem/fs.go:88.2,88.23 1 1
github.com/nebula-drive/nebula/filesystem/fs.go:91.80,93.2 1 1
github.com/nebula-drive/nebula/filesystem/fs.go:96.45,99.66 3 1
github.com/nebula-drive/nebula/filesystem/fs.go:99.66,101.3 1 0
github.com/nebula-drive/nebula/filesystem/fs.go:102.2,103.16 2 1
github.com/nebula-drive/nebula/filesystem/fs.go:103.16,105.3 1 0
github.com/nebula-drive/nebula/filesystem/fs.go:106.2,108.16 3 1
github.com/nebula-drive/nebula/filesystem/fs.go:108.16,110.3 1 0
github.com/nebula-drive/nebula/filesystem/fs.go:111.2,113.12 3 1
github.com/nebula-drive/nebula/filesystem/fs.go:120.58,121.20 1 1
github.com/nebula-drive/nebula/filesystem/fs.go:122.15,125.21 3 1
github.com/nebula-drive/nebula/filesystem/fs.go:125.21,127.4 1 0
github.com/nebula-drive/nebula/filesystem/fs.go:128.3,128.54 1 1
github.com/nebula-drive/nebula/filesystem/fs.go:128.54,130.4 1 0
github.com/nebula-drive/nebula/filesystem/fs.go:131.3,131.37 1 1
github.com/nebula-drive/nebula/filesystem/fs.go:132.12,133.34 1 1
github.com/nebula-drive/nebula/filesystem/fs.go:134.13,135.35 1 1
github.com/nebula-drive/nebula/filesystem/fs.go:136.13,137.35 1 1
github.com/nebula-drive/nebula/filesystem/fs.go:139.2,139.66 1 1
github.com/nebula-drive/nebula/filesystem/oss.go:28.53,30.62 2 1
github.com/nebula-drive/nebula/filesystem/oss.go:30.62,32.3 1 0
github.com/nebula-drive/nebula/filesystem/oss.go:33.2,33.24 1 1
github.com/nebula-drive/nebula/filesystem/oss.go:33.24,35.3 1 1
github.com/nebula-drive/nebula/filesystem/oss.go:36.2,36.22 1 1
github.com/nebula-drive/nebula/filesystem/oss.go:36.22,38.3 1 0
github.com/nebula-drive/nebula/filesystem/oss.go:39.2,39.27 1 1
github.com/nebula-drive/nebula/filesystem/oss.go:39.27,41.3 1 0
github.com/nebula-drive/nebula/filesystem/oss.go:42.2,42.31 1 1
github.com/nebula-drive/nebula/filesystem/oss.go:42.31,44.3 1 0
github.com/nebula-drive/nebula/filesystem/oss.go:45.2,46.15 2 1
github.com/nebula-drive/nebula/filesystem/oss.go:46.15,48.3 1 0
github.com/nebula-drive/nebula/filesystem/oss.go:49.2,50.16 2 1
github.com/nebula-drive/nebula/filesystem/oss.go:50.16,52.3 1 0
github.com/nebula-drive/nebula/filesystem/oss.go:53.2,54.16 2 1
github.com/nebula-drive/nebula/filesystem/oss.go:54.16,56.3 1 0
github.com/nebula-drive/nebula/filesystem/oss.go:57.2,57.67 1 1
github.com/nebula-drive/nebula/filesystem/oss.go:60.68,63.29 3 1
github.com/nebula-drive/nebula/filesystem/oss.go:63.29,66.3 2 1
github.com/nebula-drive/nebula/filesystem/oss.go:67.2,67.30 1 1
github.com/nebula-drive/nebula/filesystem/oss.go:70.72,71.26 1 0
github.com/nebula-drive/nebula/filesystem/oss.go:71.26,73.3 1 0
github.com/nebula-drive/nebula/filesystem/oss.go:74.2,76.16 3 0
github.com/nebula-drive/nebula/filesystem/oss.go:76.16,78.3 1 0
github.com/nebula-drive/nebula/filesystem/oss.go:79.2,82.16 4 0
github.com/nebula-drive/nebula/filesystem/oss.go:82.16,85.3 2 0
github.com/nebula-drive/nebula/filesystem/oss.go:86.2,87.83 2 0
github.com/nebula-drive/nebula/filesystem/oss.go:90.62,92.2 1 0
github.com/nebula-drive/nebula/filesystem/oss.go:94.89,96.17 2 0
github.com/nebula-drive/nebula/filesystem/oss.go:96.17,98.3 1 0
github.com/nebula-drive/nebula/filesystem/oss.go:98.8,100.3 1 0
github.com/nebula-drive/nebula/filesystem/oss.go:101.2,101.42 1 0
github.com/nebula-drive/nebula/filesystem/oss.go:104.48,106.2 1 0
github.com/nebula-drive/nebula/filesystem/oss.go:108.55,110.16 2 0
github.com/nebula-drive/nebula/filesystem/oss.go:110.16,112.3 1 0
github.com/nebula-drive/nebula/filesystem/oss.go:113.2,113.49 1 0
github.com/nebula-drive/nebula/filesystem/oss.go:116.85,117.18 1 1
github.com/nebula-drive/nebula/filesystem/oss.go:117.18,119.3 1 1
github.com/nebula-drive/nebula/filesystem/oss.go:120.2,120.73 1 1
github.com/nebula-drive/nebula/filesystem/oss.go:124.50,127.2 2 0
github.com/nebula-drive/nebula/filesystem/oss.go:129.44,130.13 1 1
github.com/nebula-drive/nebula/filesystem/oss.go:130.13,132.3 1 1
github.com/nebula-drive/nebula/filesystem/oss.go:133.2,135.15 3 1
github.com/nebula-drive/nebula/filesystem/s3.go:34.52,36.62 2 1
github.com/nebula-drive/nebula/filesystem/s3.go:36.62,38.3 1 0
github.com/nebula-drive/nebula/filesystem/s3.go:39.2,39.22 1 1
github.com/nebula-drive/nebula/filesystem/s3.go:39.22,41.3 1 1
github.com/nebula-drive/nebula/filesystem/s3.go:42.2,42.22 1 1
github.com/nebula-drive/nebula/filesystem/s3.go:42.22,44.3 1 1
github.com/nebula-drive/nebula/filesystem/s3.go:45.2,45.25 1 1
github.com/nebula-drive/nebula/filesystem/s3.go:45.25,47.3 1 1
github.com/nebula-drive/nebula/filesystem/s3.go:48.2,48.25 1 1
github.com/nebula-drive/nebula/filesystem/s3.go:48.25,50.3 1 1
github.com/nebula-drive/nebula/filesystem/s3.go:52.2,60.16 4 1
github.com/nebula-drive/nebula/filesystem/s3.go:60.16,62.3 1 0
github.com/nebula-drive/nebula/filesystem/s3.go:63.2,63.32 1 1
github.com/nebula-drive/nebula/filesystem/s3.go:63.32,65.25 2 1
github.com/nebula-drive/nebula/filesystem/s3.go:65.25,67.4 1 0
github.com/nebula-drive/nebula/filesystem/s3.go:69.2,70.50 2 1
github.com/nebula-drive/nebula/filesystem/s3.go:73.67,76.26 3 1
github.com/nebula-drive/nebula/filesystem/s3.go:76.26,78.3 1 1
github.com/nebula-drive/nebula/filesystem/s3.go:79.2,79.29 1 1
github.com/nebula-drive/nebula/filesystem/s3.go:79.29,82.3 2 1
github.com/nebula-drive/nebula/filesystem/s3.go:83.2,83.30 1 1
github.com/nebula-drive/nebula/filesystem/s3.go:86.71,88.26 2 0
github.com/nebula-drive/nebula/filesystem/s3.go:88.26,94.22 2 0
github.com/nebula-drive/nebula/filesystem/s3.go:94.22,96.4 1 0
github.com/nebula-drive/nebula/filesystem/s3.go:97.3,98.13 2 0
github.com/nebula-drive/nebula/filesystem/s3.go:100.2,101.70 2 0
github.com/nebula-drive/nebula/filesystem/s3.go:101.70,104.3 2 0
github.com/nebula-drive/nebula/filesystem/s3.go:105.2,110.21 2 0
github.com/nebula-drive/nebula/filesystem/s3.go:110.21,112.3 1 0
github.com/nebula-drive/nebula/filesystem/s3.go:113.2,114.12 2 0
github.com/nebula-drive/nebula/filesystem/s3.go:117.61,123.16 3 0
github.com/nebula-drive/nebula/filesystem/s3.go:123.16,125.3 1 0
github.com/nebula-drive/nebula/filesystem/s3.go:126.2,126.22 1 0
github.com/nebula-drive/nebula/filesystem/s3.go:129.88,132.17 3 0
github.com/nebula-drive/nebula/filesystem/s3.go:132.17,134.3 1 0
github.com/nebula-drive/nebula/filesystem/s3.go:134.8,136.3 1 0
github.com/nebula-drive/nebula/filesystem/s3.go:137.2,142.16 2 0
github.com/nebula-drive/nebula/filesystem/s3.go:142.16,144.3 1 0
github.com/nebula-drive/nebula/filesystem/s3.go:145.2,145.22 1 0
github.com/nebula-drive/nebula/filesystem/s3.go:148.47,155.2 3 0
github.com/nebula-drive/nebula/filesystem/s3.go:157.54,163.16 3 0
github.com/nebula-drive/nebula/filesystem/s3.go:163.16,165.3 1 0
github.com/nebula-drive/nebula/filesystem/s3.go:166.2,166.30 1 0
github.com/nebula-drive/nebula/filesystem/s3.go:166.30,168.3 1 0
github.com/nebula-drive/nebula/filesystem/s3.go:169.2,169.32 1 0
github.com/nebula-drive/nebula/filesystem/s3.go:172.84,174.18 2 1
github.com/nebula-drive/nebula/filesystem/s3.go:174.18,176.3 1 1
github.com/nebula-drive/nebula/filesystem/s3.go:177.2,182.16 3 1
github.com/nebula-drive/nebula/filesystem/s3.go:182.16,184.3 1 0
github.com/nebula-drive/nebula/filesystem/s3.go:185.2,185.21 1 1
github.com/nebula-drive/nebula/filesystem/s3.go:189.49,197.2 3 0
github.com/nebula-drive/nebula/filesystem/thumb.go:21.26,23.2 1 0
github.com/nebula-drive/nebula/filesystem/thumb.go:26.44,28.2 1 0
github.com/nebula-drive/nebula/filesystem/thumb.go:31.81,32.16 1 0
github.com/nebula-drive/nebula/filesystem/thumb.go:32.16,34.3 1 0
github.com/nebula-drive/nebula/filesystem/thumb.go:35.2,35.17 1 0
github.com/nebula-drive/nebula/filesystem/thumb.go:35.17,37.3 1 0
github.com/nebula-drive/nebula/filesystem/thumb.go:38.2,39.46 2 0
github.com/nebula-drive/nebula/filesystem/thumb.go:39.46,41.3 1 0
github.com/nebula-drive/nebula/filesystem/thumb.go:43.2,43.20 1 0
github.com/nebula-drive/nebula/filesystem/thumb.go:47.85,49.2 1 0
github.com/nebula-drive/nebula/filesystem/thumb.go:52.86,53.16 1 0
github.com/nebula-drive/nebula/filesystem/thumb.go:53.16,55.3 1 0
github.com/nebula-drive/nebula/filesystem/thumb.go:56.2,56.17 1 0
github.com/nebula-drive/nebula/filesystem/thumb.go:56.17,58.3 1 0
github.com/nebula-drive/nebula/filesystem/thumb.go:59.2,60.58 2 0
github.com/nebula-drive/nebula/filesystem/thumb.go:64.86,65.16 1 0
github.com/nebula-drive/nebula/filesystem/thumb.go:65.16,67.3 1 0
github.com/nebula-drive/nebula/filesystem/thumb.go:68.2,68.17 1 0
github.com/nebula-drive/nebula/filesystem/thumb.go:68.17,70.3 1 0
github.com/nebula-drive/nebula/filesystem/thumb.go:71.2,72.35 2 0
github.com/nebula-drive/nebula/filesystem/thumb.go:72.35,74.39 2 0
github.com/nebula-drive/nebula/filesystem/thumb.go:74.39,76.4 1 0
github.com/nebula-drive/nebula/filesystem/thumb.go:77.3,79.43 3 0
github.com/nebula-drive/nebula/filesystem/thumb.go:79.43,81.4 1 0
github.com/nebula-drive/nebula/filesystem/thumb.go:82.3,82.18 1 0
github.com/nebula-drive/nebula/filesystem/thumb.go:82.18,84.4 1 0
github.com/nebula-drive/nebula/filesystem/thumb.go:87.2,87.20 1 0
github.com/nebula-drive/nebula/middleware/api_auth.go:16.32,17.30 1 1
github.com/nebula-drive/nebula/middleware/api_auth.go:17.30,19.16 2 1
github.com/nebula-drive/nebula/middleware/api_auth.go:19.16,22.4 2 1
github.com/nebula-drive/nebula/middleware/api_auth.go:24.3,25.75 2 1
github.com/nebula-drive/nebula/middleware/api_auth.go:25.75,26.39 1 1
github.com/nebula-drive/nebula/middleware/api_auth.go:26.39,29.5 2 1
github.com/nebula-drive/nebula/middleware/api_auth.go:30.4,31.62 2 1
github.com/nebula-drive/nebula/middleware/api_auth.go:31.62,34.5 2 0
github.com/nebula-drive/nebula/middleware/api_auth.go:35.4,39.10 5 1
github.com/nebula-drive/nebula/middleware/api_auth.go:42.3,43.76 2 1
github.com/nebula-drive/nebula/middleware/api_auth.go:43.76,44.64 1 1
github.com/nebula-drive/nebula/middleware/api_auth.go:44.64,47.5 2 1
github.com/nebula-drive/nebula/middleware/api_auth.go:48.4,49.63 2 1
github.com/nebula-drive/nebula/middleware/api_auth.go:49.63,52.5 2 0
github.com/nebula-drive/nebula/middleware/api_auth.go:53.4,59.10 7 1
github.com/nebula-drive/nebula/middleware/api_auth.go:61.3,61.97 1 1
github.com/nebula-drive/nebula/middleware/api_auth.go:66.48,68.37 2 1
github.com/nebula-drive/nebula/middleware/api_auth.go:68.37,70.3 1 1
github.com/nebula-drive/nebula/middleware/api_auth.go:71.2,71.11 1 1
github.com/nebula-drive/nebula/middleware/auth.go:18.42,19.30 1 1
github.com/nebula-drive/nebula/middleware/auth.go:19.30,21.16 2 1
github.com/nebula-drive/nebula/middleware/auth.go:21.16,22.16 1 1
github.com/nebula-drive/nebula/middleware/auth.go:22.16,25.5 2 1
github.com/nebula-drive/nebula/middleware/auth.go:26.4,27.10 2 1
github.com/nebula-drive/nebula/middleware/auth.go:29.3,30.17 2 1
github.com/nebula-drive/nebula/middleware/auth.go:30.17,31.16 1 1
github.com/nebula-drive/nebula/middleware/auth.go:31.16,34.5 2 1
github.com/nebula-drive/nebula/middleware/auth.go:35.4,36.10 2 0
github.com/nebula-drive/nebula/middleware/auth.go:39.3,40.126 2 1
github.com/nebula-drive/nebula/middleware/auth.go:40.126,41.16 1 1
github.com/nebula-drive/nebula/middleware/auth.go:41.16,44.5 2 1
github.com/nebula-drive/nebula/middleware/auth.go:45.4,46.10 2 0
github.com/nebula-drive/nebula/middleware/auth.go:48.3,49.65 2 1
github.com/nebula-drive/nebula/middleware/auth.go:49.65,50.16 1 0
github.com/nebula-drive/nebula/middleware/auth.go:50.16,53.5 2 0
github.com/nebula-drive/nebula/middleware/auth.go:54.4,55.10 2 0
github.com/nebula-drive/nebula/middleware/auth.go:57.3,58.11 2 1
github.com/nebula-drive/nebula/middleware/auth.go:62.42,63.72 1 1
github.com/nebula-drive/nebula/middleware/auth.go:63.72,65.3 1 1
github.com/nebula-drive/nebula/middleware/auth.go:66.2,66.52 1 1
github.com/nebula-drive/nebula/middleware/auth.go:66.52,68.3 1 1
github.com/nebula-drive/nebula/middleware/auth.go:69.2,69.11 1 1
github.com/nebula-drive/nebula/middleware/auth.go:73.47,75.9 2 1
github.com/nebula-drive/nebula/middleware/auth.go:75.9,77.3 1 1
github.com/nebula-drive/nebula/middleware/auth.go:78.2,79.10 2 1
github.com/nebula-drive/nebula/middleware/auth.go:83.34,84.30 1 1
github.com/nebula-drive/nebula/middleware/auth.go:84.30,86.29 2 1
github.com/nebula-drive/nebula/middleware/auth.go:86.29,89.4 2 1
github.com/nebula-drive/nebula/middleware/auth.go:90.3,90.11 1 1
github.com/nebula-drive/nebula/middleware/confirm.go:11.39,12.30 1 1
github.com/nebula-drive/nebula/middleware/confirm.go:12.30,14.15 2 1
github.com/nebula-drive/nebula/middleware/confirm.go:14.15,17.4 2 1
github.com/nebula-drive/nebula/middleware/confirm.go:18.3,19.16 2 1
github.com/nebula-drive/nebula/middleware/confirm.go:19.16,22.4 2 1
github.com/nebula-drive/nebula/middleware/confirm.go:23.3,23.88 1 1
github.com/nebula-drive/nebula/middleware/confirm.go:23.88,26.4 2 1
github.com/nebula-drive/nebula/middleware/confirm.go:27.3,27.11 1 1
github.com/nebula-drive/nebula/middleware/install.go:11.37,12.30 1 1
github.com/nebula-drive/nebula/middleware/install.go:12.30,13.25 1 1
github.com/nebula-drive/nebula/middleware/install.go:13.25,16.4 2 0
github.com/nebula-drive/nebula/middleware/install.go:17.3,19.87 2 1
github.com/nebula-drive/nebula/middleware/install.go:19.87,22.4 2 1
github.com/nebula-drive/nebula/middleware/install.go:24.3,24.43 1 1
github.com/nebula-drive/nebula/middleware/install.go:24.43,27.4 2 1
github.com/nebula-drive/nebula/middleware/install.go:28.3,28.43 1 1
github.com/nebula-drive/nebula/middleware/install.go:28.43,31.4 2 1
github.com/nebula-drive/nebula/middleware/install.go:33.3,33.43 1 1
github.com/nebula-drive/nebula/middleware/install.go:33.43,39.4 2 1
github.com/nebula-drive/nebula/middleware/install.go:40.3,40.11 1 0
github.com/nebula-drive/nebula/middleware/install.go:45.39,46.30 1 1
github.com/nebula-drive/nebula/middleware/install.go:46.30,47.25 1 1
github.com/nebula-drive/nebula/middleware/install.go:47.25,53.4 2 0
github.com/nebula-drive/nebula/middleware/install.go:54.3,54.11 1 1
github.com/nebula-drive/nebula/middleware/ip_guard.go:30.32,31.30 1 1
github.com/nebula-drive/nebula/middleware/ip_guard.go:31.30,32.31 1 1
github.com/nebula-drive/nebula/middleware/ip_guard.go:32.31,35.4 2 1
github.com/nebula-drive/nebula/middleware/ip_guard.go:36.3,36.11 1 1
github.com/nebula-drive/nebula/middleware/ip_guard.go:41.33,42.33 1 1
github.com/nebula-drive/nebula/middleware/ip_guard.go:42.33,44.3 1 1
github.com/nebula-drive/nebula/middleware/ip_guard.go:45.2,46.71 2 1
github.com/nebula-drive/nebula/middleware/ip_guard.go:46.71,48.3 1 1
github.com/nebula-drive/nebula/middleware/ip_guard.go:49.2,49.62 1 1
github.com/nebula-drive/nebula/middleware/ip_guard.go:49.62,51.3 1 1
github.com/nebula-drive/nebula/middleware/ip_guard.go:52.2,52.13 1 1
github.com/nebula-drive/nebula/middleware/ip_guard.go:56.37,57.14 1 1
github.com/nebula-drive/nebula/middleware/ip_guard.go:57.14,59.3 1 1
github.com/nebula-drive/nebula/middleware/ip_guard.go:60.2,63.9 4 1
github.com/nebula-drive/nebula/middleware/ip_guard.go:63.9,65.3 1 1
github.com/nebula-drive/nebula/middleware/ip_guard.go:66.2,66.45 1 1
github.com/nebula-drive/nebula/middleware/ip_guard.go:66.45,68.3 1 0
github.com/nebula-drive/nebula/middleware/ip_guard.go:69.2,69.42 1 1
github.com/nebula-drive/nebula/middleware/ip_guard.go:73.36,74.14 1 1
github.com/nebula-drive/nebula/middleware/ip_guard.go:74.14,76.3 1 1
github.com/nebula-drive/nebula/middleware/ip_guard.go:77.2,80.49 4 1
github.com/nebula-drive/nebula/middleware/ip_guard.go:80.49,83.3 2 1
github.com/nebula-drive/nebula/middleware/ip_guard.go:83.8,85.3 1 1
github.com/nebula-drive/nebula/middleware/ip_guard.go:86.2,88.14 3 1
github.com/nebula-drive/nebula/middleware/ip_guard.go:88.14,90.3 1 1
github.com/nebula-drive/nebula/middleware/ip_guard.go:91.2,93.14 2 1
github.com/nebula-drive/nebula/middleware/ip_guard.go:93.14,95.3 1 1
github.com/nebula-drive/nebula/middleware/ip_guard.go:99.35,103.2 3 1
github.com/nebula-drive/nebula/middleware/ip_guard.go:106.27,107.21 1 1
github.com/nebula-drive/nebula/middleware/ip_guard.go:107.21,109.3 1 0
github.com/nebula-drive/nebula/middleware/ip_guard.go:110.2,111.76 2 1
github.com/nebula-drive/nebula/middleware/ip_guard.go:111.76,113.3 1 0
github.com/nebula-drive/nebula/middleware/ip_guard.go:114.2,120.4 2 1
github.com/nebula-drive/nebula/middleware/performance.go:14.39,16.2 1 1
github.com/nebula-drive/nebula/middleware/performance.go:19.36,20.30 1 1
github.com/nebula-drive/nebula/middleware/performance.go:20.30,21.57 1 1
github.com/nebula-drive/nebula/middleware/performance.go:21.57,24.4 2 1
github.com/nebula-drive/nebula/middleware/performance.go:25.3,29.90 5 1
github.com/nebula-drive/nebula/middleware/performance.go:29.90,32.4 2 1
github.com/nebula-drive/nebula/middleware/performance.go:33.3,33.11 1 1
github.com/nebula-drive/nebula/middleware/rate_limit.go:27.66,34.23 7 1
github.com/nebula-drive/nebula/middleware/rate_limit.go:34.23,35.22 1 1
github.com/nebula-drive/nebula/middleware/rate_limit.go:35.22,37.4 1 1
github.com/nebula-drive/nebula/middleware/rate_limit.go:39.2,39.24 1 1
github.com/nebula-drive/nebula/middleware/rate_limit.go:39.24,42.3 2 1
github.com/nebula-drive/nebula/middleware/rate_limit.go:43.2,45.13 3 1
github.com/nebula-drive/nebula/middleware/rate_limit.go:49.42,50.21 1 1
github.com/nebula-drive/nebula/middleware/rate_limit.go:50.21,52.3 1 0
github.com/nebula-drive/nebula/middleware/rate_limit.go:53.2,54.73 2 1
github.com/nebula-drive/nebula/middleware/rate_limit.go:54.73,56.3 1 1
github.com/nebula-drive/nebula/middleware/rate_limit.go:57.2,58.26 2 1
github.com/nebula-drive/nebula/middleware/rate_limit.go:58.26,60.3 1 0
github.com/nebula-drive/nebula/middleware/rate_limit.go:61.2,61.10 1 1
github.com/nebula-drive/nebula/middleware/rate_limit.go:65.44,66.18 1 1
github.com/nebula-drive/nebula/middleware/rate_limit.go:67.15,68.52 1 1
github.com/nebula-drive/nebula/middleware/rate_limit.go:69.16,70.53 1 1
github.com/nebula-drive/nebula/middleware/rate_limit.go:71.10,72.55 1 1
github.com/nebula-drive/nebula/middleware/rate_limit.go:79.49,80.30 1 1
github.com/nebula-drive/nebula/middleware/rate_limit.go:80.30,83.15 3 1
github.com/nebula-drive/nebula/middleware/rate_limit.go:83.15,85.4 1 0
github.com/nebula-drive/nebula/middleware/rate_limit.go:85.9,87.4 1 1
github.com/nebula-drive/nebula/middleware/rate_limit.go:89.3,95.15 2 1
github.com/nebula-drive/nebula/middleware/rate_limit.go:95.15,98.4 2 0
github.com/nebula-drive/nebula/middleware/rate_limit.go:99.3,99.68 1 1
github.com/nebula-drive/nebula/middleware/rate_limit.go:99.68,100.27 1 0
github.com/nebula-drive/nebula/middleware/rate_limit.go:100.27,101.47 1 0
github.com/nebula-drive/nebula/middleware/rate_limit.go:101.47,104.6 2 0
github.com/nebula-drive/nebula/middleware/rate_limit.go:108.3,109.33 2 1
github.com/nebula-drive/nebula/middleware/rate_limit.go:109.33,118.4 3 1
github.com/nebula-drive/nebula/middleware/rate_limit.go:119.3,119.11 1 1
github.com/nebula-drive/nebula/middleware/security.go:6.40,7.30 1 1
github.com/nebula-drive/nebula/middleware/security.go:7.30,15.3 7 1
github.com/nebula-drive/nebula/models/models.go:224.26,225.18 1 1
github.com/nebula-drive/nebula/models/models.go:225.18,227.3 1 1
github.com/nebula-drive/nebula/models/models.go:228.2,233.16 1 1
github.com/nebula-drive/nebula/models/models.go:233.16,235.3 1 0
github.com/nebula-drive/nebula/models/models.go:236.2,237.12 2 1
github.com/nebula-drive/nebula/models/models.go:241.32,244.16 3 1
github.com/nebula-drive/nebula/models/models.go:244.16,246.3 1 0
github.com/nebula-drive/nebula/models/models.go:247.2,248.16 2 1
github.com/nebula-drive/nebula/models/models.go:249.15,250.213 1 0
github.com/nebula-drive/nebula/models/models.go:251.16,252.180 1 1
github.com/nebula-drive/nebula/migrations/migrate.go:33.36,33.50 1 0
github.com/nebula-drive/nebula/migrations/migrate.go:38.31,41.4 1 0
github.com/nebula-drive/nebula/migrations/migrate.go:46.31,48.4 1 0
github.com/nebula-drive/nebula/migrations/migrate.go:53.31,60.4 1 0
github.com/nebula-drive/nebula/migrations/migrate.go:65.31,71.31 2 0
github.com/nebula-drive/nebula/migrations/migrate.go:71.31,73.96 2 0
github.com/nebula-drive/nebula/migrations/migrate.go:73.96,74.79 1 0
github.com/nebula-drive/nebula/migrations/migrate.go:74.79,76.7 1 0
github.com/nebula-drive/nebula/migrations/migrate.go:79.4,79.14 1 0
github.com/nebula-drive/nebula/migrations/migrate.go:85.28,86.14 1 0
github.com/nebula-drive/nebula/migrations/migrate.go:86.14,88.3 1 0
github.com/nebula-drive/nebula/migrations/migrate.go:89.2,89.58 1 0
github.com/nebula-drive/nebula/migrations/migrate.go:89.58,91.3 1 0
github.com/nebula-drive/nebula/migrations/migrate.go:93.2,95.69 3 0
github.com/nebula-drive/nebula/migrations/migrate.go:95.69,97.3 1 0
github.com/nebula-drive/nebula/migrations/migrate.go:97.8,97.52 1 0
github.com/nebula-drive/nebula/migrations/migrate.go:97.52,99.3 1 0
github.com/nebula-drive/nebula/migrations/migrate.go:101.2,101.31 1 0
github.com/nebula-drive/nebula/migrations/migrate.go:101.31,102.30 1 0
github.com/nebula-drive/nebula/migrations/migrate.go:102.30,103.12 1 0
github.com/nebula-drive/nebula/migrations/migrate.go:105.3,105.33 1 0
github.com/nebula-drive/nebula/migrations/migrate.go:105.33,107.4 1 0
github.com/nebula-drive/nebula/migrations/migrate.go:108.3,112.24 1 0
github.com/nebula-drive/nebula/migrations/migrate.go:112.24,114.4 1 0
github.com/nebula-drive/nebula/migrations/migrate.go:117.2,121.12 2 0
github.com/nebula-drive/nebula/migrations/migrate.go:124.35,125.26 1 0
github.com/nebula-drive/nebula/migrations/migrate.go:125.26,127.3 1 0
github.com/nebula-drive/nebula/migrations/migrate.go:128.2,128.46 1 0
github.com/nebula-drive/nebula/pkg/db/db.go:22.35,23.14 1 1
github.com/nebula-drive/nebula/pkg/db/db.go:23.14,25.3 1 1
github.com/nebula-drive/nebula/pkg/db/db.go:26.2,27.16 2 1
github.com/nebula-drive/nebula/pkg/db/db.go:28.16,30.16 2 1
github.com/nebula-drive/nebula/pkg/db/db.go:30.16,32.4 1 0
github.com/nebula-drive/nebula/pkg/db/db.go:33.3,33.31 1 1
github.com/nebula-drive/nebula/pkg/db/db.go:34.15,37.30 2 0
github.com/nebula-drive/nebula/pkg/db/db.go:38.18,41.33 2 0
github.com/nebula-drive/nebula/pkg/db/db.go:42.10,43.55 1 1
github.com/nebula-drive/nebula/pkg/db/db.go:45.2,56.16 2 1
github.com/nebula-drive/nebula/pkg/db/db.go:56.16,58.3 1 0
github.com/nebula-drive/nebula/pkg/db/db.go:60.2,60.56 1 1
github.com/nebula-drive/nebula/pkg/db/db.go:60.56,64.3 3 1
github.com/nebula-drive/nebula/pkg/db/db.go:65.2,66.12 2 1
github.com/nebula-drive/nebula/pkg/db/db.go:70.21,70.34 1 1
github.com/nebula-drive/nebula/pkg/jwt/jwt.go:24.19,25.21 1 1
github.com/nebula-drive/nebula/pkg/jwt/jwt.go:25.21,27.3 1 0
github.com/nebula-drive/nebula/pkg/jwt/jwt.go:28.2,30.16 3 1
github.com/nebula-drive/nebula/pkg/jwt/jwt.go:30.16,33.3 2 1
github.com/nebula-drive/nebula/pkg/jwt/jwt.go:34.2,35.40 2 1
github.com/nebula-drive/nebula/pkg/jwt/jwt.go:35.40,37.3 1 0
github.com/nebula-drive/nebula/pkg/jwt/jwt.go:38.2,39.94 2 1
github.com/nebula-drive/nebula/pkg/jwt/jwt.go:39.94,41.3 1 0
github.com/nebula-drive/nebula/pkg/jwt/jwt.go:42.2,43.12 2 1
github.com/nebula-drive/nebula/pkg/jwt/jwt.go:47.77,58.2 3 1
github.com/nebula-drive/nebula/pkg/jwt/jwt.go:61.41,63.80 2 1
github.com/nebula-drive/nebula/pkg/jwt/jwt.go:63.80,65.3 1 1
github.com/nebula-drive/nebula/pkg/jwt/jwt.go:66.2,66.16 1 1
github.com/nebula-drive/nebula/pkg/jwt/jwt.go:66.16,68.3 1 1
github.com/nebula-drive/nebula/pkg/jwt/jwt.go:69.2,69.15 1 1
github.com/nebula-drive/nebula/pkg/plugin/hooks.go:25.43,29.2 3 1
github.com/nebula-drive/nebula/pkg/plugin/hooks.go:31.51,35.33 4 1
github.com/nebula-drive/nebula/pkg/plugin/hooks.go:35.33,36.36 1 1
github.com/nebula-drive/nebula/pkg/plugin/hooks.go:36.36,38.4 1 1
github.com/nebula-drive/nebula/pkg/plugin/hooks.go:40.2,40.13 1 1
github.com/nebula-drive/nebula/pkg/plugin/hooks.go:43.30,47.29 4 1
github.com/nebula-drive/nebula/pkg/plugin/hooks.go:47.29,49.3 1 1
github.com/nebula-drive/nebula/pkg/plugin/hooks.go:50.2,50.12 1 1
github.com/nebula-drive/nebula/pkg/aria2/aria2.go:44.33,45.17 1 0
github.com/nebula-drive/nebula/pkg/aria2/aria2.go:45.17,47.3 1 0
github.com/nebula-drive/nebula/pkg/aria2/aria2.go:48.2,48.16 1 0
github.com/nebula-drive/nebula/pkg/aria2/aria2.go:52.39,56.2 3 0
github.com/nebula-drive/nebula/pkg/aria2/aria2.go:59.40,63.2 3 0
github.com/nebula-drive/nebula/pkg/aria2/aria2.go:66.26,68.16 2 0
github.com/nebula-drive/nebula/pkg/aria2/aria2.go:68.16,70.3 1 0
github.com/nebula-drive/nebula/pkg/aria2/aria2.go:71.2,71.10 1 0
github.com/nebula-drive/nebula/pkg/aria2/aria2.go:75.28,79.2 3 0
github.com/nebula-drive/nebula/pkg/aria2/aria2.go:83.46,85.15 2 0
github.com/nebula-drive/nebula/pkg/aria2/aria2.go:85.15,87.3 1 0
github.com/nebula-drive/nebula/pkg/aria2/aria2.go:88.2,101.36 6 0
github.com/nebula-drive/nebula/pkg/aria2/aria2.go:101.36,103.3 1 0
github.com/nebula-drive/nebula/pkg/aria2/aria2.go:104.2,111.26 6 0
github.com/nebula-drive/nebula/pkg/aria2/aria2.go:111.26,112.35 1 0
github.com/nebula-drive/nebula/pkg/aria2/aria2.go:112.35,117.4 4 0
github.com/nebula-drive/nebula/pkg/aria2/aria2.go:118.3,118.37 1 0
github.com/nebula-drive/nebula/pkg/aria2/aria2.go:120.2,120.59 1 0
github.com/nebula-drive/nebula/pkg/aria2/aria2.go:124.72,125.18 1 0
github.com/nebula-drive/nebula/pkg/aria2/aria2.go:125.18,127.3 1 0
github.com/nebula-drive/nebula/pkg/aria2/aria2.go:128.2,132.34 5 0
github.com/nebula-drive/nebula/pkg/aria2/aria2.go:132.34,137.3 4 0
github.com/nebula-drive/nebula/pkg/aria2/aria2.go:138.2,141.12 4 0
github.com/nebula-drive/nebula/pkg/aria2/aria2.go:145.38,152.2 6 0
github.com/nebula-drive/nebula/pkg/aria2/aria2.go:176.84,182.12 6 0
github.com/nebula-drive/nebula/pkg/aria2/aria2.go:182.12,184.3 1 0
github.com/nebula-drive/nebula/pkg/aria2/aria2.go:185.2,185.52 1 0
github.com/nebula-drive/nebula/pkg/aria2/aria2.go:189.102,191.18 2 0
github.com/nebula-drive/nebula/pkg/aria2/aria2.go:191.18,193.3 1 0
github.com/nebula-drive/nebula/pkg/aria2/aria2.go:194.2,197.16 4 0
github.com/nebula-drive/nebula/pkg/aria2/aria2.go:197.16,199.3 1 0
github.com/nebula-drive/nebula/pkg/aria2/aria2.go:200.2,202.16 3 0
github.com/nebula-drive/nebula/pkg/aria2/aria2.go:202.16,204.3 1 0
github.com/nebula-drive/nebula/pkg/aria2/aria2.go:205.2,206.48 2 0
github.com/nebula-drive/nebula/pkg/aria2/aria2.go:206.48,208.3 1 0
github.com/nebula-drive/nebula/pkg/aria2/aria2.go:209.2,209.20 1 0
github.com/nebula-drive/nebula/pkg/aria2/aria2.go:209.20,211.3 1 0
github.com/nebula-drive/nebula/pkg/aria2/aria2.go:212.2,212.22 1 0
github.com/nebula-drive/nebula/pkg/aria2/aria2.go:215.32,216.18 1 0
github.com/nebula-drive/nebula/pkg/aria2/aria2.go:216.18,218.3 1 0
github.com/nebula-drive/nebula/pkg/aria2/aria2.go:219.2,219.18 1 0
github.com/nebula-drive/nebula/pkg/aria2/aria2.go:222.51,223.17 1 0
github.com/nebula-drive/nebula/pkg/aria2/aria2.go:223.17,225.3 1 0
github.com/nebula-drive/nebula/pkg/aria2/aria2.go:226.2,226.13 1 0
github.com/nebula-drive/nebula/pkg/aria2/aria2.go:230.86,232.16 2 0
github.com/nebula-drive/nebula/pkg/aria2/aria2.go:232.16,234.3 1 0
github.com/nebula-drive/nebula/pkg/aria2/aria2.go:235.2,236.50 2 0
github.com/nebula-drive/nebula/pkg/aria2/aria2.go:236.50,238.3 1 0
github.com/nebula-drive/nebula/pkg/aria2/aria2.go:239.2,239.17 1 0
github.com/nebula-drive/nebula/pkg/aria2/aria2.go:243.95,246.16 3 0
github.com/nebula-drive/nebula/pkg/aria2/aria2.go:246.16,248.3 1 0
github.com/nebula-drive/nebula/pkg/aria2/aria2.go:249.2,250.50 2 0
github.com/nebula-drive/nebula/pkg/aria2/aria2.go:250.50,252.3 1 0
github.com/nebula-drive/nebula/pkg/aria2/aria2.go:253.2,253.17 1 0
github.com/nebula-drive/nebula/pkg/aria2/aria2.go:257.99,260.16 3 0
github.com/nebula-drive/nebula/pkg/aria2/aria2.go:260.16,262.3 1 0
github.com/nebula-drive/nebula/pkg/aria2/aria2.go:263.2,264.51 2 0
github.com/nebula-drive/nebula/pkg/aria2/aria2.go:264.51,266.3 1 0
github.com/nebula-drive/nebula/pkg/aria2/aria2.go:267.2,267.18 1 0
github.com/nebula-drive/nebula/pkg/aria2/aria2.go:271.71,273.16 2 0
github.com/nebula-drive/nebula/pkg/aria2/aria2.go:273.16,275.3 1 0
github.com/nebula-drive/nebula/pkg/aria2/aria2.go:276.2,277.53 2 0
github.com/nebula-drive/nebula/pkg/aria2/aria2.go:277.53,279.3 1 0
github.com/nebula-drive/nebula/pkg/aria2/aria2.go:280.2,280.20 1 0
github.com/nebula-drive/nebula/pkg/aria2/aria2.go:284.49,287.2 2 0
github.com/nebula-drive/nebula/pkg/aria2/aria2.go:290.48,293.2 2 0
github.com/nebula-drive/nebula/pkg/aria2/aria2.go:296.50,299.2 2 0
github.com/nebula-drive/nebula/pkg/aria2/aria2.go:302.61,304.16 2 0
github.com/nebula-drive/nebula/pkg/aria2/aria2.go:304.16,306.3 1 0
github.com/nebula-drive/nebula/pkg/aria2/aria2.go:307.2,308.48 2 0
github.com/nebula-drive/nebula/pkg/aria2/aria2.go:308.48,310.3 1 0
github.com/nebula-drive/nebula/pkg/aria2/aria2.go:311.2,311.15 1 0
github.com/nebula-drive/nebula/pkg/tls/tls.go:27.22,27.39 1 1
github.com/nebula-drive/nebula/pkg/tls/tls.go:32.66,33.18 1 1
github.com/nebula-drive/nebula/pkg/tls/tls.go:33.18,35.3 1 1
github.com/nebula-drive/nebula/pkg/tls/tls.go:36.2,36.51 1 1
github.com/nebula-drive/nebula/pkg/tls/tls.go:36.51,38.3 1 0
github.com/nebula-drive/nebula/pkg/tls/tls.go:39.2,47.47 5 1
github.com/nebula-drive/nebula/pkg/tls/tls.go:52.64,53.20 1 1
github.com/nebula-drive/nebula/pkg/tls/tls.go:53.20,55.3 1 0
github.com/nebula-drive/nebula/pkg/tls/tls.go:56.2,56.19 1 1
github.com/nebula-drive/nebula/pkg/tls/tls.go:56.19,58.3 1 0
github.com/nebula-drive/nebula/pkg/tls/tls.go:59.2,60.16 2 1
github.com/nebula-drive/nebula/pkg/tls/tls.go:60.16,62.3 1 1
github.com/nebula-drive/nebula/pkg/tls/tls.go:63.2,70.17 5 1
github.com/nebula-drive/nebula/pkg/tls/tls.go:74.33,76.31 2 1
github.com/nebula-drive/nebula/pkg/tls/tls.go:77.14,81.15 4 0
github.com/nebula-drive/nebula/pkg/tls/tls.go:81.15,83.4 1 0
github.com/nebula-drive/nebula/pkg/tls/tls.go:84.3,84.13 1 0
github.com/nebula-drive/nebula/pkg/tls/tls.go:85.16,89.13 4 0
github.com/nebula-drive/nebula/pkg/tls/tls.go:90.10,91.13 1 1
github.com/nebula-drive/nebula/pkg/tls/tls.go:96.29,100.2 3 1
github.com/nebula-drive/nebula/pkg/tls/tls.go:103.41,104.21 1 1
github.com/nebula-drive/nebula/pkg/tls/tls.go:104.21,106.3 1 1
github.com/nebula-drive/nebula/pkg/tls/tls.go:107.2,108.73 2 0
github.com/nebula-drive/nebula/pkg/tls/tls.go:108.73,110.3 1 0
github.com/nebula-drive/nebula/pkg/tls/tls.go:111.2,111.16 1 0
github.com/nebula-drive/nebula/pkg/util/pool.go:10.26,13.3 2 1
github.com/nebula-drive/nebula/pkg/util/pool.go:17.26,19.2 1 1
github.com/nebula-drive/nebula/pkg/util/pool.go:22.27,23.14 1 1
github.com/nebula-drive/nebula/pkg/util/pool.go:23.14,25.3 1 1
github.com/nebula-drive/nebula/pkg/util/pool.go:26.2,26.16 1 1
github.com/nebula-drive/nebula/pkg/util/pool.go:30.23,30.44 1 1
github.com/nebula-drive/nebula/pkg/util/util.go:12.20,12.47 1 1
github.com/nebula-drive/nebula/pkg/util/util.go:15.31,17.25 2 1
github.com/nebula-drive/nebula/pkg/util/util.go:17.25,20.3 2 1
github.com/nebula-drive/nebula/pkg/util/util.go:21.2,21.20 1 1
github.com/nebula-drive/nebula/pkg/util/util.go:25.30,28.25 3 1
github.com/nebula-drive/nebula/pkg/util/util.go:28.25,31.3 2 1
github.com/nebula-drive/nebula/pkg/util/util.go:32.2,32.20 1 1
github.com/nebula-drive/nebula/routers/router.go:18.26,35.44 10 1
github.com/nebula-drive/nebula/routers/router.go:35.44,37.3 1 0
github.com/nebula-drive/nebula/routers/router.go:39.2,40.2 2 1
github.com/nebula-drive/nebula/routers/router.go:40.2,43.3 3 1
github.com/nebula-drive/nebula/routers/router.go:43.3,46.4 2 1
github.com/nebula-drive/nebula/routers/router.go:48.3,49.3 2 1
github.com/nebula-drive/nebula/routers/router.go:49.3,52.4 2 1
github.com/nebula-drive/nebula/routers/router.go:53.3,54.3 2 1
github.com/nebula-drive/nebula/routers/router.go:54.3,61.4 6 1
github.com/nebula-drive/nebula/routers/router.go:63.3,64.3 2 1
github.com/nebula-drive/nebula/routers/router.go:64.3,87.4 22 1
github.com/nebula-drive/nebula/routers/router.go:89.3,90.3 2 1
github.com/nebula-drive/nebula/routers/router.go:90.3,124.4 30 1
github.com/nebula-drive/nebula/routers/router.go:127.3,130.3 3 1
github.com/nebula-drive/nebula/routers/router.go:130.3,134.4 3 1
github.com/nebula-drive/nebula/routers/router.go:135.3,138.3 3 1
github.com/nebula-drive/nebula/routers/router.go:138.3,142.4 3 1
github.com/nebula-drive/nebula/routers/router.go:144.3,145.3 2 1
github.com/nebula-drive/nebula/routers/router.go:145.3,151.4 5 1
github.com/nebula-drive/nebula/routers/router.go:153.3,157.3 3 1
github.com/nebula-drive/nebula/routers/router.go:157.3,165.4 7 1
github.com/nebula-drive/nebula/routers/router.go:168.3,169.3 2 1
github.com/nebula-drive/nebula/routers/router.go:169.3,173.4 3 1
github.com/nebula-drive/nebula/routers/router.go:176.3,177.3 2 1
github.com/nebula-drive/nebula/routers/router.go:177.3,181.4 3 1
github.com/nebula-drive/nebula/routers/router.go:184.2,184.40 1 1
github.com/nebula-drive/nebula/routers/router.go:184.40,185.26 1 0
github.com/nebula-drive/nebula/routers/router.go:185.26,188.4 2 0
github.com/nebula-drive/nebula/routers/router.go:189.3,189.22 1 0
github.com/nebula-drive/nebula/routers/router.go:192.2,192.10 1 1
github.com/nebula-drive/nebula/routers/router.go:196.38,197.21 1 1
github.com/nebula-drive/nebula/routers/router.go:197.21,199.3 1 1
github.com/nebula-drive/nebula/routers/router.go:200.2,201.121 2 1
github.com/nebula-drive/nebula/routers/router.go:201.121,203.33 2 1
github.com/nebula-drive/nebula/routers/router.go:203.33,205.4 1 1
github.com/nebula-drive/nebula/routers/router.go:206.3,207.33 2 1
github.com/nebula-drive/nebula/routers/router.go:207.33,208.27 1 0
github.com/nebula-drive/nebula/routers/router.go:208.27,211.5 2 0
github.com/nebula-drive/nebula/routers/router.go:212.4,212.23 1 0
github.com/nebula-drive/nebula/service/auth.go:13.45,14.32 1 1
github.com/nebula-drive/nebula/service/auth.go:14.32,16.3 1 1
github.com/nebula-drive/nebula/service/auth.go:17.2,17.36 1 0
github.com/nebula-drive/nebula/service/auth.go:21.52,23.16 2 1
github.com/nebula-drive/nebula/service/auth.go:23.16,25.3 1 0
github.com/nebula-drive/nebula/service/auth.go:26.2,26.26 1 1
github.com/nebula-drive/nebula/service/auth.go:30.58,40.2 4 1
github.com/nebula-drive/nebula/service/auth.go:43.56,47.35 3 1
github.com/nebula-drive/nebula/service/auth.go:47.35,49.3 1 1
github.com/nebula-drive/nebula/service/auth.go:50.2,51.13 2 1
github.com/nebula-drive/nebula/pkg/testutil/db.go:15.37,18.16 3 0
github.com/nebula-drive/nebula/pkg/testutil/db.go:18.16,20.3 1 0
github.com/nebula-drive/nebula/pkg/testutil/db.go:21.2,22.45 2 0
github.com/nebula-drive/nebula/pkg/testutil/db.go:22.45,24.3 1 0
github.com/nebula-drive/nebula/pkg/testutil/db.go:25.2,25.10 1 0
github.com/nebula-drive/nebula/pkg/testutil/db.go:29.37,31.73 2 0
github.com/nebula-drive/nebula/pkg/testutil/db.go:31.73,34.3 2 0
github.com/nebula-drive/nebula/pkg/testutil/db.go:35.2,35.43 1 0
github.com/nebula-drive/nebula/webdav/webdav.go:55.34,57.2 1 0
github.com/nebula-drive/nebula/webdav/webdav.go:59.34,62.2 2 0
github.com/nebula-drive/nebula/webdav/webdav.go:73.72,75.14 2 0
github.com/nebula-drive/nebula/webdav/webdav.go:75.14,77.3 1 0
github.com/nebula-drive/nebula/webdav/webdav.go:78.2,81.29 4 0
github.com/nebula-drive/nebula/webdav/webdav.go:81.29,84.22 3 0
github.com/nebula-drive/nebula/webdav/webdav.go:84.22,86.4 1 0
github.com/nebula-drive/nebula/webdav/webdav.go:86.9,88.4 1 0
github.com/nebula-drive/nebula/webdav/webdav.go:89.3,89.47 1 0
github.com/nebula-drive/nebula/webdav/webdav.go:89.47,92.22 2 0
github.com/nebula-drive/nebula/webdav/webdav.go:92.22,94.5 1 0
github.com/nebula-drive/nebula/webdav/webdav.go:95.4,95.30 1 0
github.com/nebula-drive/nebula/webdav/webdav.go:97.3,97.19 1 0
github.com/nebula-drive/nebula/webdav/webdav.go:97.19,99.25 1 0
github.com/nebula-drive/nebula/webdav/webdav.go:99.25,101.5 1 0
github.com/nebula-drive/nebula/webdav/webdav.go:102.4,102.26 1 0
github.com/nebula-drive/nebula/webdav/webdav.go:104.3,106.18 3 0
github.com/nebula-drive/nebula/webdav/webdav.go:108.2,108.25 1 0
github.com/nebula-drive/nebula/webdav/webdav.go:112.69,115.18 3 0
github.com/nebula-drive/nebula/webdav/webdav.go:115.18,117.3 1 0
github.com/nebula-drive/nebula/webdav/webdav.go:117.8,119.3 1 0
github.com/nebula-drive/nebula/webdav/webdav.go:120.2,120.76 1 0
github.com/nebula-drive/nebula/webdav/webdav.go:120.76,122.3 1 0
github.com/nebula-drive/nebula/webdav/webdav.go:123.2,123.19 1 0
github.com/nebula-drive/nebula/webdav/webdav.go:127.82,130.21 3 0
github.com/nebula-drive/nebula/webdav/webdav.go:130.21,132.3 1 0
github.com/nebula-drive/nebula/webdav/webdav.go:132.8,134.3 1 0
github.com/nebula-drive/nebula/webdav/webdav.go:135.2,136.16 2 0
github.com/nebula-drive/nebula/webdav/webdav.go:136.16,138.3 1 0
github.com/nebula-drive/nebula/webdav/webdav.go:139.2,139.16 1 0
github.com/nebula-drive/nebula/webdav/webdav.go:144.53,146.37 2 0
github.com/nebula-drive/nebula/webdav/webdav.go:146.37,148.3 1 0
github.com/nebula-drive/nebula/webdav/webdav.go:149.2,150.16 2 0
github.com/nebula-drive/nebula/webdav/webdav.go:150.16,152.3 1 0
github.com/nebula-drive/nebula/webdav/webdav.go:153.2,154.21 2 0
github.com/nebula-drive/nebula/webdav/webdav.go:154.21,156.3 1 0
github.com/nebula-drive/nebula/webdav/webdav.go:157.2,158.97 2 0
github.com/nebula-drive/nebula/webdav/webdav.go:158.97,160.3 1 0
github.com/nebula-drive/nebula/webdav/webdav.go:161.2,161.80 1 0
github.com/nebula-drive/nebula/webdav/webdav.go:161.80,163.3 1 0
github.com/nebula-drive/nebula/webdav/webdav.go:165.2,166.80 2 0
github.com/nebula-drive/nebula/webdav/webdav.go:166.80,168.3 1 0
github.com/nebula-drive/nebula/webdav/webdav.go:169.2,169.17 1 0
github.com/nebula-drive/nebula/webdav/webdav.go:173.32,175.100 2 0
github.com/nebula-drive/nebula/webdav/webdav.go:175.100,177.3 1 0
github.com/nebula-drive/nebula/webdav/webdav.go:178.2,178.15 1 0
github.com/nebula-drive/nebula/webdav/webdav.go:186.38,188.103 2 0
github.com/nebula-drive/nebula/webdav/webdav.go:188.103,190.87 2 0
github.com/nebula-drive/nebula/webdav/webdav.go:190.87,192.4 1 0
github.com/nebula-drive/nebula/webdav/webdav.go:194.2,194.29 1 0
github.com/nebula-drive/nebula/webdav/webdav.go:197.40,198.25 1 0
github.com/nebula-drive/nebula/webdav/webdav.go:198.25,200.3 1 0
github.com/nebula-drive/nebula/webdav/webdav.go:201.2,201.43 1 0
github.com/nebula-drive/nebula/webdav/webdav.go:201.43,202.35 1 0
github.com/nebula-drive/nebula/webdav/webdav.go:202.35,204.4 1 0
github.com/nebula-drive/nebula/webdav/webdav.go:206.2,206.14 1 0
github.com/nebula-drive/nebula/webdav/webdav.go:210.32,211.30 1 0
github.com/nebula-drive/nebula/webdav/webdav.go:211.30,213.10 2 0
github.com/nebula-drive/nebula/webdav/webdav.go:213.10,218.4 4 0
github.com/nebula-drive/nebula/webdav/webdav.go:219.3,221.41 3 0
github.com/nebula-drive/nebula/webdav/webdav.go:221.41,223.4 1 0
github.com/nebula-drive/nebula/webdav/webdav.go:224.3,225.29 2 0
github.com/nebula-drive/nebula/webdav/webdav.go:229.57,231.28 2 0
github.com/nebula-drive/nebula/webdav/webdav.go:231.28,234.3 2 0
github.com/nebula-drive/nebula/webdav/webdav.go:235.2,235.16 1 0
github.com/nebula-drive/nebula/webdav/webdav.go:236.17,240.16 4 0
github.com/nebula-drive/nebula/webdav/webdav.go:241.18,242.20 1 0
github.com/nebula-drive/nebula/webdav/webdav.go:243.15,244.17 1 0
github.com/nebula-drive/nebula/webdav/webdav.go:245.21,246.39 1 0
github.com/nebula-drive/nebula/webdav/webdav.go:247.13,248.15 1 0
github.com/nebula-drive/nebula/webdav/webdav.go:249.16,250.19 1 0
github.com/nebula-drive/nebula/webdav/webdav.go:251.14,252.16 1 0
github.com/nebula-drive/nebula/webdav/webdav.go:253.45,254.16 1 0
github.com/nebula-drive/nebula/webdav/webdav.go:255.10,256.38 1 0
github.com/nebula-drive/nebula/webdav/webdav.go:262.57,264.17 2 0
github.com/nebula-drive/nebula/webdav/webdav.go:264.17,266.3 1 0
github.com/nebula-drive/nebula/webdav/webdav.go:267.2,268.16 2 0
github.com/nebula-drive/nebula/webdav/webdav.go:268.16,271.3 2 0
github.com/nebula-drive/nebula/webdav/webdav.go:272.2,274.14 2 0
github.com/nebula-drive/nebula/webdav/webdav.go:274.14,287.19 2 0
github.com/nebula-drive/nebula/webdav/webdav.go:287.19,289.32 2 0
github.com/nebula-drive/nebula/webdav/webdav.go:289.32,291.5 1 0
github.com/nebula-drive/nebula/webdav/webdav.go:293.8,293.24 1 0
github.com/nebula-drive/nebula/webdav/webdav.go:293.24,296.3 2 0
github.com/nebula-drive/nebula/webdav/webdav.go:296.8,298.33 2 0
github.com/nebula-drive/nebula/webdav/webdav.go:298.33,300.32 2 0
github.com/nebula-drive/nebula/webdav/webdav.go:300.32,302.5 1 0
github.com/nebula-drive/nebula/webdav/webdav.go:305.2,308.72 4 0
github.com/nebula-drive/nebula/webdav/webdav.go:311.43,316.13 2 0
github.com/nebula-drive/nebula/webdav/webdav.go:316.13,318.3 1 0
github.com/nebula-drive/nebula/webdav/webdav.go:318.8,322.3 3 0
github.com/nebula-drive/nebula/webdav/webdav.go:323.2,325.10 3 0
github.com/nebula-drive/nebula/webdav/webdav.go:328.35,332.2 1 0
github.com/nebula-drive/nebula/webdav/webdav.go:334.54,336.16 2 0
github.com/nebula-drive/nebula/webdav/webdav.go:336.16,339.3 2 0
github.com/nebula-drive/nebula/webdav/webdav.go:340.2,340.21 1 0
github.com/nebula-drive/nebula/webdav/webdav.go:340.21,343.3 2 0
github.com/nebula-drive/nebula/webdav/webdav.go:344.2,346.50 3 0
github.com/nebula-drive/nebula/webdav/webdav.go:346.50,349.3 2 0
github.com/nebula-drive/nebula/webdav/webdav.go:350.2,350.15 1 0
github.com/nebula-drive/nebula/webdav/webdav.go:353.69,355.45 2 0
github.com/nebula-drive/nebula/webdav/webdav.go:355.45,358.3 2 0
github.com/nebula-drive/nebula/webdav/webdav.go:359.2,360.16 2 0
github.com/nebula-drive/nebula/webdav/webdav.go:360.16,363.3 2 0
github.com/nebula-drive/nebula/webdav/webdav.go:364.2,365.16 2 0
github.com/nebula-drive/nebula/webdav/webdav.go:365.16,368.3 2 0
github.com/nebula-drive/nebula/webdav/webdav.go:369.2,370.25 2 0
github.com/nebula-drive/nebula/webdav/webdav.go:370.25,372.3 1 0
github.com/nebula-drive/nebula/webdav/webdav.go:373.2,378.51 5 0
github.com/nebula-drive/nebula/webdav/webdav.go:378.51,383.18 5 0
github.com/nebula-drive/nebula/webdav/webdav.go:383.18,385.4 1 0
github.com/nebula-drive/nebula/webdav/webdav.go:386.3,386.51 1 0
github.com/nebula-drive/nebula/webdav/webdav.go:386.51,389.4 2 0
github.com/nebula-drive/nebula/webdav/webdav.go:390.3,397.12 8 0
github.com/nebula-drive/nebula/webdav/webdav.go:397.12,400.25 3 0
github.com/nebula-drive/nebula/webdav/webdav.go:400.25,402.14 2 0
github.com/nebula-drive/nebula/webdav/webdav.go:402.14,404.29 2 0
github.com/nebula-drive/nebula/webdav/webdav.go:404.29,406.7 1 0
github.com/nebula-drive/nebula/webdav/webdav.go:407.6,408.19 2 0
github.com/nebula-drive/nebula/webdav/webdav.go:410.5,410.17 1 0
github.com/nebula-drive/nebula/webdav/webdav.go:410.17,411.11 1 0
github.com/nebula-drive/nebula/webdav/webdav.go:415.3,415.9 1 0
github.com/nebula-drive/nebula/webdav/webdav.go:417.2,417.11 1 0
github.com/nebula-drive/nebula/webdav/webdav.go:417.11,419.3 1 0
github.com/nebula-drive/nebula/webdav/webdav.go:422.52,424.16 2 0
github.com/nebula-drive/nebula/webdav/webdav.go:424.16,427.3 2 0
github.com/nebula-drive/nebula/webdav/webdav.go:428.2,428.21 1 0
github.com/nebula-drive/nebula/webdav/webdav.go:428.21,430.17 1 0
github.com/nebula-drive/nebula/webdav/webdav.go:430.17,433.4 2 0
github.com/nebula-drive/nebula/webdav/webdav.go:434.3,437.9 3 0
github.com/nebula-drive/nebula/webdav/webdav.go:439.2,443.17 4 0
github.com/nebula-drive/nebula/webdav/webdav.go:443.17,445.3 1 0
github.com/nebula-drive/nebula/webdav/webdav.go:446.2,447.16 2 0
github.com/nebula-drive/nebula/webdav/webdav.go:447.16,450.3 2 0
github.com/nebula-drive/nebula/webdav/webdav.go:451.2,454.61 4 0
github.com/nebula-drive/nebula/webdav/webdav.go:454.61,457.3 2 0
github.com/nebula-drive/nebula/webdav/webdav.go:458.2,464.50 2 0
github.com/nebula-drive/nebula/webdav/webdav.go:464.50,467.3 2 0
github.com/nebula-drive/nebula/webdav/webdav.go:469.2,471.15 2 0
github.com/nebula-drive/nebula/webdav/webdav.go:474.56,476.31 2 0
github.com/nebula-drive/nebula/webdav/webdav.go:476.31,479.3 2 0
github.com/nebula-drive/nebula/webdav/webdav.go:480.2,480.17 1 0
github.com/nebula-drive/nebula/webdav/webdav.go:480.17,481.49 1 0
github.com/nebula-drive/nebula/webdav/webdav.go:481.49,483.4 1 0
github.com/nebula-drive/nebula/webdav/webdav.go:485.2,486.15 2 0
github.com/nebula-drive/nebula/webdav/webdav.go:489.53,491.16 2 0
github.com/nebula-drive/nebula/webdav/webdav.go:491.16,494.3 2 0
github.com/nebula-drive/nebula/webdav/webdav.go:496.2,496.47 1 0
github.com/nebula-drive/nebula/webdav/webdav.go:496.47,498.44 2 0
github.com/nebula-drive/nebula/webdav/webdav.go:498.44,500.4 1 0
github.com/nebula-drive/nebula/webdav/webdav.go:503.2,504.37 2 0
github.com/nebula-drive/nebula/webdav/webdav.go:504.37,506.3 1 0
github.com/nebula-drive/nebula/webdav/webdav.go:507.2,509.34 3 0
github.com/nebula-drive/nebula/webdav/webdav.go:509.34,512.3 2 0
github.com/nebula-drive/nebula/webdav/webdav.go:513.2,514.17 2 0
github.com/nebula-drive/nebula/webdav/webdav.go:514.17,517.3 2 0
github.com/nebula-drive/nebula/webdav/webdav.go:518.2,519.20 2 0
github.com/nebula-drive/nebula/webdav/webdav.go:519.20,521.3 1 0
github.com/nebula-drive/nebula/webdav/webdav.go:522.2,524.15 3 0
github.com/nebula-drive/nebula/webdav/webdav.go:527.40,528.17 1 0
github.com/nebula-drive/nebula/webdav/webdav.go:528.17,530.3 1 0
github.com/nebula-drive/nebula/webdav/webdav.go:531.2,531.17 1 0
github.com/nebula-drive/nebula/webdav/webdav.go:531.17,533.3 1 0
github.com/nebula-drive/nebula/webdav/webdav.go:534.2,535.12 2 0
github.com/nebula-drive/nebula/webdav/webdav.go:538.65,540.61 2 0
github.com/nebula-drive/nebula/webdav/webdav.go:540.61,542.3 1 0
github.com/nebula-drive/nebula/webdav/webdav.go:543.2,543.41 1 0
github.com/nebula-drive/nebula/webdav/webdav.go:546.41,547.13 1 0
github.com/nebula-drive/nebula/webdav/webdav.go:548.60,549.33 1 0
github.com/nebula-drive/nebula/webdav/webdav.go:550.14,551.22 1 0
github.com/nebula-drive/nebula/webdav/webdav.go:552.14,553.27 1 0
github.com/nebula-drive/nebula/webdav/webdav.go:554.23,555.22 1 0
github.com/nebula-drive/nebula/webdav/webdav.go:556.14,557.21 1 0
github.com/nebula-drive/nebula/webdav/webdav.go:558.14,559.21 1 0
github.com/nebula-drive/nebula/webdav/webdav.go:560.14,561.22 1 0
github.com/nebula-drive/nebula/webdav/webdav.go:563.2,563.35 1 0
